"","Species","UniqueID","Plot","Plot2","Major_taxa","Order","Mass_g","Productivity_g_yr","Growth_rate_per_yr","Trophic","Group","Family","Genus","Reference","Notes","Notes_measure","X","X.1","GBIF_ID"
"1","Antilocapra americana",20,1,1,"Mammal","Artiodactyla",42599.05843,19169.57629,0.45,"Herbivore","Eutherian","Antilocapridae","Antilocapra","Singer and Norland 1994; after Duncan et al. 2007, method: count","","",NA,NA,"2440902"
"2","Apodemus flavicollis",1274,1,9,"Mammal","Rodentia",27,9.45,0.35,"Omnivore","Eutherian","Muridae","Apodemus","From Global Population Dynamics Database (From Fagan et. al. 2001; reporting rmax)","","",NA,NA,"2437756"
"3","Apodemus sylvaticus",1276,1,9,"Mammal","Rodentia",23,31.97,1.39,"Omnivore","Eutherian","Muridae","Apodemus","From Global Population Dynamics Database (From Fagan et. al. 2001; reporting rmax)","","",NA,NA,"2437760"
"4","Arctocephalus gazella",261,1,2,"Mammal","Carnivora",49385.56196,7654.762104,0.155,"Carnivore","Eutherian","Otariidae","Arctocephalus","Skinner and van Aarde 1983; after Duncan et al. 2007, method: count","","",NA,NA,"2433472"
"5","Arctocephalus pusillus",264,1,2,"Mammal","Carnivora",76667,6900.03,0.09,"Carnivore","Eutherian","Otariidae","Arctocephalus","From Global Population Dynamics Database (From Fagan et. al. 2001; reporting rmax)","","",NA,NA,"2433475"
"6","Arctocephalus tropicalis",266,1,2,"Mammal","Carnivora",55004.72529,4125.354397,0.075,"Carnivore","Eutherian","Otariidae","Arctocephalus","Skinner and van Aarde 1983; after Duncan et al. 2007, method: count","","",NA,NA,"2433471"
"7","Balaena mysticetus",540,1,2,"Mammal","Cetacea",69278743.13,2355477.266,0.034,"Carnivore","Eutherian","Balaenidae","Balaena","Best 1993; after Duncan et al. 2007, method: count","Body mass: 10^x, mass in g, then log10(x/1000) --> log10 in kg; 10^x for rmax; *mass for production","",NA,NA,"2440330"
"8","Balaenoptera musculus",547,1,2,"Mammal","Cetacea",149485820.7,9417606.704,0.063,"Carnivore","Eutherian","Balaenopteridae","Balaenoptera","Baskin 1993; after Duncan et al. 2007, method: count","","",NA,NA,"2440735"
"9","Balaenoptera musculus",548,1,2,"Mammal","Cetacea",149485820.7,7623776.856,0.051,"Carnivore","Eutherian","Balaenopteridae","Balaenoptera","Best 1993; after Duncan et al. 2007, method: count","","",NA,NA,"2440735"
"10","Bison bison",31,1,1,"Mammal","Artiodactyla",590201.0802,188864.3457,0.32,"Herbivore","Eutherian","Bovidae","Bison","Larter 1994; after Duncan et al. 2007, method: count","","",NA,NA,"2441176"
"11","Bison bison",32,1,1,"Mammal","Artiodactyla",590201.0802,174109.3187,0.295,"Herbivore","Eutherian","Bovidae","Bison","Singer and Norland 1994; after Duncan et al. 2007, method: count","","",NA,NA,"2441176"
"12","Bison bison",33,1,1,"Mammal","Artiodactyla",590201.0802,137516.8517,0.233,"Herbivore","Eutherian","Bovidae","Bison","Calef 1984; after Duncan et al. 2007, method: count","","",NA,NA,"2441176"
"13","Blarina brevicauda",931,1,2,"Mammal","Eulipotyphla",17,18.7,1.1,"Carnivore","Eutherian","Soricidae","Blarina","From Global Population Dynamics Database (From Fagan et. al. 2001; reporting rmax)","","",NA,NA,"2435862"
"14","Bos taurus",42,1,1,"Mammal","Artiodactyla",526865.7897,284507.5264,0.54,"Herbivore","Eutherian","Bovidae","Bos","Skeat 1990; after Duncan et al. 2007, method: count","","",NA,NA,"2441022"
"15","Bos taurus",43,1,1,"Mammal","Artiodactyla",526865.7897,284507.5264,0.54,"Herbivore","Eutherian","Bovidae","Bos","Skeat 1990; after Duncan et al. 2007, method: count","","",NA,NA,"2441022"
"16","Bos taurus",44,1,1,"Mammal","Artiodactyla",526865.7897,136985.1053,0.26,"Herbivore","Eutherian","Bovidae","Bos","Eberhardt 1987; after Duncan et al. 2007, method: count","","",NA,NA,"2441022"
"17","Bubalus bubalis",48,1,1,"Mammal","Artiodactyla",576633.6733,190289.1122,0.33,"Herbivore","Eutherian","Bovidae","Bubalus","Skeat 1990; after Duncan et al. 2007, method: count","African ecosystems","",NA,NA,"7422937"
"18","Canis latrans",281,1,2,"Mammal","Carnivora",9700,3395,0.35,"Carnivore","Eutherian","Canidae","Canis","From Global Population Dynamics Database (From Fagan et. al. 2001; reporting rmax)","","",NA,NA,"5219153"
"19","Canis lupus",284,1,2,"Mammal","Carnivora",37025.42054,14069.65981,0.38,"Carnivore","Eutherian","Canidae","Canis","Eberhardt and Peterson 1999; after Duncan et al. 2007, method: count","","",NA,NA,"5219173"
"20","Canis lupus",285,1,2,"Mammal","Carnivora",37025.42054,11107.62616,0.3,"Carnivore","Eutherian","Canidae","Canis","Eberhardt and Pitcher 1992; after Duncan et al. 2007, method: count","","",NA,NA,"5219173"
"21","Canis lupus",287,1,2,"Mammal","Carnivora",31100,7153,0.23,"Carnivore","Eutherian","Canidae","Canis","From Global Population Dynamics Database (From Fagan et. al. 2001; reporting rmax)","","",NA,NA,"5219173"
"22","Capra hircus",58,1,1,"Mammal","Artiodactyla",49602.09274,21080.88941,0.425,"Herbivore","Eutherian","Bovidae","Capra","Parkes et al. 1996; after Duncan et al. 2007, method: count","","",NA,NA,"2441056"
"23","Capra hircus",59,1,1,"Mammal","Artiodactyla",49602.09274,19592.82663,0.395,"Herbivore","Eutherian","Bovidae","Capra","Mahood 1985; after Duncan et al. 2007, method: count","","",NA,NA,"2441056"
"24","Capra hircus",60,1,1,"Mammal","Artiodactyla",49602.09274,20535.26639,0.414,"Herbivore","Eutherian","Bovidae","Capra","Maas 1997; after Duncan et al. 2007, method: count","","",NA,NA,"2441056"
"25","Capra ibex",62,1,1,"Mammal","Artiodactyla",61560.19686,16128.77158,0.262,"Herbivore","Eutherian","Bovidae","Capra","Loison et al. 2002; after Duncan et al. 2007, method: count","","",NA,NA,"2441055"
"26","Capreolus capreolus",64,1,1,"Mammal","Artiodactyla",21042.62908,4839.804688,0.23,"Herbivore","Eutherian","Cervidae","Capreolus","Caughley 1977; after Duncan et al. 2007, method: count","","",NA,NA,"5220126"
"27","Castor canadensis",1286,1,1,"Mammal","Rodentia",13000,6110,0.47,"Herbivore","Eutherian","Castoridae","Castor","From Global Population Dynamics Database (From Fagan et. al. 2001; reporting rmax)","","",NA,NA,"2439838"
"28","Cervus elaphus",73,1,1,"Mammal","Artiodactyla",112901.5749,43241.30319,0.383,"Herbivore","Eutherian","Cervidae","Cervus","Houston 1982; after Duncan et al. 2007, method: count","","",NA,NA,"2440958"
"29","Cervus elaphus",74,1,1,"Mammal","Artiodactyla",112901.5749,30483.42522,0.27,"Herbivore","Eutherian","Cervidae","Cervus","Caughley 1977; after Duncan et al. 2007, method: count","","",NA,NA,"2440958"
"30","Cervus elaphus",75,1,1,"Mammal","Artiodactyla",112901.5749,33870.47247,0.3,"Herbivore","Eutherian","Cervidae","Cervus","McCorquodale et al. 1988; after Duncan et al. 2007, method: count","","",NA,NA,"2440958"
"31","Cervus elaphus",76,1,1,"Mammal","Artiodactyla",112901.5749,34999.48822,0.31,"Herbivore","Eutherian","Cervidae","Cervus","Gogan and Barrett 1987; after Duncan et al. 2007, method: count","","",NA,NA,"2440958"
"32","Cervus elaphus",77,1,1,"Mammal","Artiodactyla",112901.5749,32741.45672,0.29,"Herbivore","Eutherian","Cervidae","Cervus","Gogan and Barrett 1987; after Duncan et al. 2007, method: count","","",NA,NA,"2440958"
"33","Cervus elaphus",78,1,1,"Mammal","Artiodactyla",112901.5749,19193.26773,0.17,"Herbivore","Eutherian","Cervidae","Cervus","Eberhardt 1987; after Duncan et al. 2007, method: count","","",NA,NA,"2440958"
"34","Cervus elaphus",80,1,1,"Mammal","Artiodactyla",203625,50906.25,0.25,"Herbivore","Eutherian","Cervidae","Cervus","From Global Population Dynamics Database (From Fagan et. al. 2001; reporting rmax)","","",NA,NA,"2440958"
"35","Chaetodipus penicillatus",1294,1,9,"Mammal","Rodentia",17,19.72,1.16,"Omnivore","Eutherian","Heteromyidae","Chaetodipus","From Global Population Dynamics Database (From Fagan et. al. 2001; reporting rmax)","","",NA,NA,"2439591"
"36","Chinchilla lanigera",1295,1,1,"Mammal","Rodentia",552.2045744,678.1072174,1.228,"Herbivore","Eutherian","Chinchillidae","Chinchilla","Jimenez et al. 1992; after Duncan et al. 2007, method: count","","",NA,NA,"5219944"
"37","Clethrionomys glareolus",1298,1,1,"Mammal","Rodentia",19.64264646,134.4735577,6.846,"Herbivore","Eutherian","Muridae","Clethrionomys","Hannson 1987; after Duncan et al. 2007, method: count","","",NA,NA,"2439140"
"38","Connochaetes taurinus",85,1,1,"Mammal","Artiodactyla",180426.3652,28868.21843,0.16,"Herbivore","Eutherian","Bovidae","Connochaetes","Krebs et al. 1999; after Duncan et al. 2007, method: count","African ecosystems","",NA,NA,"2441105"
"39","Connochaetes taurinus",87,1,1,"Mammal","Artiodactyla",177300,47871,0.27,"Herbivore","Eutherian","Bovidae","Connochaetes","From Global Population Dynamics Database (From Fagan et. al. 2001; reporting rmax)","African ecosystems","",NA,NA,"2441105"
"40","Damaliscus lunatus",92,1,1,"Mammal","Artiodactyla",118658.8131,34648.37343,0.292,"Herbivore","Eutherian","Bovidae","Damaliscus","Sinclair 1995; after Duncan et al. 2007, method: count","African ecosystems","",NA,NA,"2441041"
"41","Dipodomys merriami",1325,1,1,"Mammal","Rodentia",37,15.54,0.42,"Herbivore","Eutherian","Heteromyidae","Dipodomys","From Global Population Dynamics Database (From Fagan et. al. 2001; reporting rmax)","","",NA,NA,"2439521"
"42","Dipodomys ordii",1328,1,1,"Mammal","Rodentia",51,30.09,0.59,"Herbivore","Eutherian","Heteromyidae","Dipodomys","From Global Population Dynamics Database (From Fagan et. al. 2001; reporting rmax)","","",NA,NA,"2439541"
"43","Dipodomys spectabilis",1331,1,1,"Mammal","Rodentia",130,89.7,0.69,"Herbivore","Eutherian","Heteromyidae","Dipodomys","From Global Population Dynamics Database (From Fagan et. al. 2001; reporting rmax)","","",NA,NA,"2439531"
"44","Enhydra lutris",317,1,2,"Mammal","Carnivora",22950,11016,0.48,"Carnivore","Eutherian","Mustelidae","Enhydra","From Global Population Dynamics Database (From Fagan et. al. 2001; reporting rmax)","","",NA,NA,"2433670"
"45","Equus asinus",1031,1,1,"Mammal","Perissodactyla",243388.4697,60847.11743,0.25,"Herbivore","Eutherian","Equidae","Equus","Choquenot 1990; after Duncan et al. 2007, method: count","","",NA,NA,"2440891"
"46","Equus caballus",1034,1,1,"Mammal","Perissodactyla",413047.502,99131.40048,0.24,"Herbivore","Eutherian","Equidae","Equus","Garrott et al. 1991; after Duncan et al. 2007, method: count","","",NA,NA,"2440886"
"47","Eschrichtius robustus",558,1,2,"Mammal","Cetacea",27422055.15,1837277.695,0.067,"Carnivore","Eutherian","Eschrichtiidae","Eschrichtius","Best 1993; after Duncan et al. 2007, method: count","","",NA,NA,"2440704"
"48","Eubalaena glacialis",561,1,2,"Mammal","Cetacea",33915638.69,2475841.624,0.073,"Carnivore","Eutherian","Balaenidae","Eubalaena","Best 1993; after Duncan et al. 2007, method: count","","",NA,NA,"2440339"
"49","Giraffa camelopardalis",109,1,1,"Mammal","Artiodactyla",800018.4449,112002.5823,0.14,"Herbivore","Eutherian","Giraffidae","Giraffa","Foster and Kearney 1967; after Duncan et al. 2007, method: count","","",NA,NA,"2441205"
"50","Halichoerus grypus",341,1,2,"Mammal","Carnivora",167250,73590,0.44,"Carnivore","Eutherian","Phocidae","Halichoerus","From Global Population Dynamics Database (From Fagan et. al. 2001; reporting rmax)","","",NA,NA,"2434806"
"51","Hemitragus jemlahicus",114,1,1,"Mammal","Artiodactyla",35595.9018,9966.852504,0.28,"Herbivore","Eutherian","Bovidae","Hemitragus","Forsyth 1999; after Duncan et al. 2007, method: count","","",NA,NA,"5220174"
"52","Hydrochaeris hydrochaeris",1366,1,1,"Mammal","Rodentia",41204,13597.32,0.33,"Herbivore","Eutherian","Hydrochaeridae","Hydrochaeris","From Global Population Dynamics Database (From Fagan et. al. 2001; reporting rmax)","","",NA,NA,"2437610"
"53","Kobus ellipsiprymnus",125,1,1,"Mammal","Artiodactyla",143152.8504,41514.32662,0.29,"Herbivore","Eutherian","Bovidae","Kobus","Foster and Kearney 1967; after Duncan et al. 2007, method: count","African ecosystems","",NA,NA,"5220160"
"54","Lepus americanus",969,1,1,"Mammal","Lagomorpha",1540.990637,3374.769495,2.19,"Herbivore","Eutherian","Leporidae","Lepus","MacLulich 1937; after Duncan et al. 2007, method: count","","",NA,NA,"2436794"
"55","Lepus americanus",970,1,1,"Mammal","Lagomorpha",1540.990637,2219.026517,1.44,"Herbivore","Eutherian","Leporidae","Lepus","Hodges et al. 2001; after Duncan et al. 2007, method: count","","",NA,NA,"2436794"
"56","Lepus americanus",973,1,1,"Mammal","Lagomorpha",1600,400,0.25,"Herbivore","Eutherian","Leporidae","Lepus","From Global Population Dynamics Database (From Fagan et. al. 2001; reporting rmax)","","",NA,NA,"2436794"
"57","Lepus europaeus",979,1,1,"Mammal","Lagomorpha",3750,937.5,0.25,"Herbivore","Eutherian","Leporidae","Lepus","From Global Population Dynamics Database (From Fagan et. al. 2001; reporting rmax)","","",NA,NA,"7952072"
"58","Lepus timidus",984,1,1,"Mammal","Lagomorpha",2988,1284.84,0.43,"Herbivore","Eutherian","Leporidae","Lepus","From Global Population Dynamics Database (From Fagan et. al. 2001; reporting rmax)","","",NA,NA,"2436756"
"59","Loxodonta africana",1256,1,1,"Mammal","Proboscidea",3599150.44,215949.0264,0.06,"Herbivore","Eutherian","Elephantidae","Loxodonta","Caughley and Krebs 1983; after Duncan et al. 2007, method: count","","",NA,NA,"2435350"
"60","Loxodonta africana",1257,1,1,"Mammal","Proboscidea",3599150.44,107974.5132,0.03,"Herbivore","Eutherian","Elephantidae","Loxodonta","Ambruster and Lande 1993; after Duncan et al. 2007, method: count","","",NA,NA,"2435350"
"61","Loxodonta africana",1258,1,1,"Mammal","Proboscidea",3599150.44,89978.761,0.025,"Herbivore","Eutherian","Elephantidae","Loxodonta","Cumming 1983; after Duncan et al. 2007, method: count","","",NA,NA,"2435350"
"62","Lycaon pictus",372,1,2,"Mammal","Carnivora",22200,7770,0.35,"Carnivore","Eutherian","Canidae","Lycaon","From Global Population Dynamics Database (From Fagan et. al. 2001; reporting rmax)","African ecosystems","",NA,NA,"5219317"
"63","Lynx canadensis",375,1,2,"Mammal","Carnivora",8590,2233.4,0.26,"Carnivore","Eutherian","Felidae","Lynx","From Global Population Dynamics Database (From Fagan et. al. 2001; reporting rmax)","","",NA,NA,"2435263"
"64","Lynx lynx",378,1,2,"Mammal","Carnivora",17800,2848,0.16,"Carnivore","Eutherian","Felidae","Lynx","From Global Population Dynamics Database (From Fagan et. al. 2001; reporting rmax)","","",NA,NA,"2435240"
"65","Lynx rufus",381,1,2,"Mammal","Carnivora",5200,1716,0.33,"Carnivore","Eutherian","Felidae","Lynx","From Global Population Dynamics Database (From Fagan et. al. 2001; reporting rmax)","","",NA,NA,"2435246"
"66","Macaca fuscata",1165,1,9,"Mammal","Primate",8672,1647.68,0.19,"Omnivore","Eutherian","Cercopithecidae","Macaca","From Global Population Dynamics Database (From Fagan et. al. 2001; reporting rmax)","","",NA,NA,"2436608"
"67","Macaca sylvanus",1182,1,9,"Mammal","Primate",10838,2817.88,0.26,"Omnivore","Eutherian","Cercopithecidae","Macaca","From Global Population Dynamics Database (From Fagan et. al. 2001; reporting rmax)","","",NA,NA,"2436618"
"68","Macroderma gigas",628,1,2,"Mammal","Chiroptera",137.467489,20.62012335,0.15,"Carnivore","Eutherian","Megadermatidae","Macroderma","Hoyle et al.2001; after Duncan et al. 2007, method: count","","",NA,NA,"5218772"
"69","Macropus fuliginosus",851,1,1,"Mammal","Diprotodontia",23664.64533,15618.66592,0.66,"Herbivore","Marsupial","Macropodidae","Macropus","Bayliss 1987; after Duncan et al. 2007, method: count","","",NA,NA,"5219965"
"70","Macropus giganteus",855,1,1,"Mammal","Diprotodontia",24957.43795,13726.59087,0.55,"Herbivore","Marsupial","Macropodidae","Macropus","Banks et al. 2000; after Duncan et al. 2007, method: count","","",NA,NA,"5219981"
"71","Macropus rufus",872,1,1,"Mammal","Diprotodontia",30164.76873,17193.91818,0.57,"Herbivore","Marsupial","Macropodidae","Macropus","Bayliss 1987; after Duncan et al. 2007, method: count","","",NA,NA,"5219963"
"72","Macropus rufus",873,1,1,"Mammal","Diprotodontia",30164.76873,13272.49824,0.44,"Herbivore","Marsupial","Macropodidae","Macropus","Bayliss 1987; after Duncan et al. 2007, method: count","","",NA,NA,"5219963"
"73","Marmota flaviventris",1392,1,1,"Mammal","Rodentia",3515,1511.45,0.43,"Herbivore","Eutherian","Sciuridae","Marmota","From Global Population Dynamics Database (From Fagan et. al. 2001; reporting rmax)","","",NA,NA,"2437369"
"74","Martes americana",384,1,2,"Mammal","Carnivora",716,400.96,0.56,"Carnivore","Eutherian","Mustelidae","Martes","From Global Population Dynamics Database (From Fagan et. al. 2001; reporting rmax)","","",NA,NA,"5218864"
"75","Megaptera novaeangliae",570,1,2,"Mammal","Cetacea",42432634.84,4115965.579,0.097,"Carnivore","Eutherian","Balaenopteridae","Megaptera","Best 1993; after Duncan et al. 2007, method: count","","",NA,NA,"5220086"
"76","Megaptera novaeangliae",571,1,2,"Mammal","Cetacea",42432634.84,3988667.675,0.094,"Carnivore","Eutherian","Balaenopteridae","Megaptera","Best 1993; after Duncan et al. 2007, method: count","","",NA,NA,"5220086"
"77","Megaptera novaeangliae",572,1,2,"Mammal","Cetacea",42432634.84,3734071.866,0.088,"Carnivore","Eutherian","Balaenopteridae","Megaptera","Best 1993; after Duncan et al. 2007, method: count","","",NA,NA,"5220086"
"78","Microtus agrestis",1413,1,1,"Mammal","Rodentia",30.62668558,211.9366642,6.92,"Herbivore","Eutherian","Muridae","Microtus","Marcstrom et al. 1990; after Duncan et al. 2007, method: count","","",NA,NA,"2438616"
"79","Microtus agrestis",1414,1,1,"Mammal","Rodentia",30.62668558,163.7915145,5.348,"Herbivore","Eutherian","Muridae","Microtus","Henttonen et al. 1987; after Duncan et al. 2007, method: count","","",NA,NA,"2438616"
"80","Microtus agrestis",1415,1,1,"Mammal","Rodentia",30.62668558,113.0737232,3.692,"Herbivore","Eutherian","Muridae","Microtus","Hannson 1987; after Duncan et al. 2007, method: count","","",NA,NA,"2438616"
"81","Microtus agrestis",1416,1,1,"Mammal","Rodentia",30.62668558,165.8741291,5.416,"Herbivore","Eutherian","Muridae","Microtus","Halle and Lehman 1992; after Duncan et al. 2007, method: count","","",NA,NA,"2438616"
"82","Microtus agrestis",1419,1,1,"Mammal","Rodentia",22,29.04,1.32,"Herbivore","Eutherian","Muridae","Microtus","From Global Population Dynamics Database (From Fagan et. al. 2001; reporting rmax)","","",NA,NA,"2438616"
"83","Microtus arvalis",1422,1,1,"Mammal","Rodentia",28,12.04,0.43,"Herbivore","Eutherian","Muridae","Microtus","From Global Population Dynamics Database (From Fagan et. al. 2001; reporting rmax)","","",NA,NA,"2438606"
"84","Microtus californicus",1424,1,1,"Mammal","Rodentia",45.49880602,210.2044838,4.62,"Herbivore","Eutherian","Muridae","Microtus","Batzli and Pitelka 1971; after Duncan et al. 2007, method: count","","",NA,NA,"2438603"
"85","Microtus montanus",1431,1,1,"Mammal","Rodentia",49,52.92,1.08,"Herbivore","Eutherian","Muridae","Microtus","From Global Population Dynamics Database (From Fagan et. al. 2001; reporting rmax)","","",NA,NA,"2438609"
"86","Microtus oeconomus",1434,1,1,"Mammal","Rodentia",49.68210633,229.5313312,4.62,"Herbivore","Eutherian","Muridae","Microtus","Henttonen et al. 1987; after Duncan et al. 2007, method: count","","",NA,NA,"2438635"
"87","Microtus oregoni",1438,1,1,"Mammal","Rodentia",20,23.2,1.16,"Herbivore","Eutherian","Muridae","Microtus","From Global Population Dynamics Database (From Fagan et. al. 2001; reporting rmax)","","",NA,NA,"2438661"
"88","Microtus pennsylvanicus",1439,1,1,"Mammal","Rodentia",38.80610014,232.8366008,6,"Herbivore","Eutherian","Muridae","Microtus","Turchin and Ostfeld 1997; after Duncan et al. 2007, method: count","","",NA,NA,"2438655"
"89","Microtus pennsylvanicus",1441,1,1,"Mammal","Rodentia",37,17.39,0.47,"Herbivore","Eutherian","Muridae","Microtus","From Global Population Dynamics Database (From Fagan et. al. 2001; reporting rmax)","","",NA,NA,"2438655"
"90","Microtus townsendii",1446,1,1,"Mammal","Rodentia",53.57966575,331.2294937,6.182,"Herbivore","Eutherian","Muridae","Microtus","Krebs 1979; after Duncan et al. 2007, method: count","","",NA,NA,"2438612"
"91","Mirounga angustirostris",397,1,2,"Mammal","Carnivora",1036811.964,153448.1707,0.148,"Carnivore","Eutherian","Phocidae","Mirounga","Eberhardt 1987; after Duncan et al. 2007, method: count","","",NA,NA,"2434813"
"92","Mirounga sp.",402,1,2,"Mammal","Carnivora",668833,441429.78,0.66,"Carnivore","Eutherian","Phocidae","Mirounga","From Global Population Dynamics Database (From Fagan et. al. 2001; reporting rmax)","","",NA,NA,"2434812"
"93","Mus musculus",1449,1,9,"Mammal","Rodentia",17.40203349,59.3409342,3.41,"Omnivore","Eutherian","Muridae","Mus","Redhead 1982; after Duncan et al. 2007, method: count","","",NA,NA,"7429082"
"94","Mus musculus",1450,1,9,"Mammal","Rodentia",17.40203349,39.67663636,2.28,"Omnivore","Eutherian","Muridae","Mus","Choquenot and Ruscoe 2000; after Duncan et al. 2007, method: count","","",NA,NA,"7429082"
"95","Mus musculus",1451,1,9,"Mammal","Rodentia",17.40203349,242.9323875,13.96,"Omnivore","Eutherian","Muridae","Mus","Brown and Singleton 1999; after Duncan et al. 2007, method: count","","",NA,NA,"7429082"
"96","Mustela erminea",404,1,2,"Mammal","Carnivora",127.5851122,530.7540668,4.16,"Carnivore","Eutherian","Mustelidae","Mustela","Korpimaki et al. 1991; after Duncan et al. 2007, method: count","","",NA,NA,"5219019"
"97","Mustela erminea",406,1,2,"Mammal","Carnivora",126,69.3,0.55,"Carnivore","Eutherian","Mustelidae","Mustela","From Global Population Dynamics Database (From Fagan et. al. 2001; reporting rmax)","","",NA,NA,"5219019"
"98","Mustela nivalis",415,1,2,"Mammal","Carnivora",38.6278023,288.9359612,7.48,"Carnivore","Eutherian","Mustelidae","Mustela","Korpimaki et al. 1991; after Duncan et al. 2007, method: count","","",NA,NA,"5218987"
"99","Mustela nivalis",418,1,2,"Mammal","Carnivora",57,29.64,0.52,"Carnivore","Eutherian","Mustelidae","Mustela","From Global Population Dynamics Database (From Fagan et. al. 2001; reporting rmax)","","",NA,NA,"5218987"
"100","Mustela putorius",420,1,2,"Mammal","Carnivora",747.825035,942.2595441,1.26,"Carnivore","Eutherian","Mustelidae","Mustela","Barlow and Norbury 2001; after Duncan et al. 2007, method: count","","",NA,NA,"5218911"
"101","Mustela vison",425,1,2,"Mammal","Carnivora",605,193.6,0.32,"Carnivore","Eutherian","Mustelidae","Mustela","From Global Population Dynamics Database (From Fagan et. al. 2001; reporting rmax)","","",NA,NA,"5218823"
"102","Myodes gapperi",1457,1,1,"Mammal","Rodentia",21,29.19,1.39,"Herbivore","Eutherian","Cricetidae","Myodes","From Global Population Dynamics Database (From Fagan et. al. 2001; reporting rmax)","","",NA,NA,"5706760"
"103","Myodes glareolus",1458,1,1,"Mammal","Rodentia",20,22.4,1.12,"Herbivore","Eutherian","Cricetidae","Myodes","From Global Population Dynamics Database (From Fagan et. al. 2001; reporting rmax)","","",NA,NA,"5706764"
"104","Myodes rufocanus",1460,1,1,"Mammal","Rodentia",18,25.56,1.42,"Herbivore","Eutherian","Cricetidae","Myodes","From Global Population Dynamics Database (From Fagan et. al. 2001; reporting rmax)","","",NA,NA,"5706769"
"105","Napaeozapus insignis",1465,1,9,"Mammal","Rodentia",23,5.98,0.26,"Omnivore","Eutherian","Dipodidae","Napaeozapus","From Global Population Dynamics Database (From Fagan et. al. 2001; reporting rmax)","","",NA,NA,"2439461"
"106","Neotoma albigula",1468,1,1,"Mammal","Rodentia",195,198.9,1.02,"Herbivore","Eutherian","Muridae","Neotoma","From Global Population Dynamics Database (From Fagan et. al. 2001; reporting rmax)","","",NA,NA,"2438454"
"107","Octodon degus",1481,1,1,"Mammal","Rodentia",179.3494297,593.2879134,3.308,"Herbivore","Eutherian","Octodontidae","Octodon","Jimenez et al. 1992; after Duncan et al. 2007, method: count","","",NA,NA,"5219900"
"108","Odocoileus hemionus",150,1,1,"Mammal","Artiodactyla",52808.03408,11776.1916,0.223,"Herbivore","Eutherian","Cervidae","Odocoileus","Hatter and Janz 1994; after Duncan et al. 2007, method: count","","",NA,NA,"2440974"
"109","Ondatra zibethicus",1489,1,1,"Mammal","Rodentia",1461,555.18,0.38,"Herbivore","Eutherian","Muridae","Ondatra","From Global Population Dynamics Database (From Fagan et. al. 2001; reporting rmax)","","",NA,NA,"5219858"
"110","Onychomys leucogaster",1491,1,9,"Mammal","Rodentia",33,40.26,1.22,"Omnivore","Eutherian","Cricetidae","Onychomys","From Global Population Dynamics Database (From Fagan et. al. 2001; reporting rmax)","","",NA,NA,"2438517"
"111","Onychomys torridus",1495,1,9,"Mammal","Rodentia",22,19.14,0.87,"Omnivore","Eutherian","Cricetidae","Onychomys","From Global Population Dynamics Database (From Fagan et. al. 2001; reporting rmax)","","",NA,NA,"2438516"
"112","Orcinus orca",578,1,2,"Mammal","Cetacea",3591699.548,165218.1792,0.046,"Carnivore","Eutherian","Delphinidae","Orcinus","Olesiuk et al. 1990; after Duncan et al. 2007, method: count","","",NA,NA,"2440483"
"113","Oryctolagus cuniculus",990,1,1,"Mammal","Lagomorpha",1717.51287,3538.076512,2.06,"Herbivore","Eutherian","Leporidae","Oryctolagus","Wood 1980; after Duncan et al. 2007, method: count","","",NA,NA,"2436940"
"114","Oryctolagus cuniculus",991,1,1,"Mammal","Lagomorpha",1717.51287,4293.782175,2.5,"Herbivore","Eutherian","Leporidae","Oryctolagus","Caley and Morley 2002; after Duncan et al. 2007, method: count","","",NA,NA,"2436940"
"115","Oryctolagus cuniculus",992,1,1,"Mammal","Lagomorpha",1717.51287,3538.076512,2.06,"Herbivore","Eutherian","Leporidae","Oryctolagus","Hone 1999; after Duncan et al. 2007, method: count","","",NA,NA,"2436940"
"116","Oryctolagus cuniculus",994,1,1,"Mammal","Lagomorpha",1439,417.31,0.29,"Herbivore","Eutherian","Leporidae","Oryctolagus","From Global Population Dynamics Database (From Fagan et. al. 2001; reporting rmax)","","",NA,NA,"2436940"
"117","Oryx leucoryx",165,1,1,"Mammal","Artiodactyla",147808.7009,37247.79263,0.252,"Herbivore","Eutherian","Bovidae","Oryx","Stanley-Price 1989; after Duncan et al. 2007, method: count","","",NA,NA,"5220164"
"118","Ovibos moschatus",169,1,1,"Mammal","Artiodactyla",227143.3361,49971.53394,0.22,"Herbivore","Eutherian","Bovidae","Ovibos","La Henaff and Crete 1989; after Duncan et al. 2007, method: count","","",NA,NA,"2441108"
"119","Ovis aries",172,1,1,"Mammal","Artiodactyla",34641.7641,11951.40861,0.345,"Herbivore","Eutherian","Bovidae","Ovis","Clutton-Brock et al. 1991; after Duncan et al. 2007, method: count","","",NA,NA,"2441110"
"120","Ovis canadensis",174,1,1,"Mammal","Artiodactyla",67889.09198,23761.18219,0.35,"Herbivore","Eutherian","Bovidae","Ovis","McCullough 1992; after Duncan et al. 2007, method: count","","",NA,NA,"2441119"
"121","Pagophilus groenlandicus",441,1,2,"Mammal","Carnivora",180000,138600,0.77,"Carnivore","Eutherian","Phocidae","Pagophilus","From Global Population Dynamics Database (From Fagan et. al. 2001; reporting rmax)","","",NA,NA,"2434801"
"122","Pan troglodytes schweinfurthi",1208,1,9,"Mammal","Primate",44984,33288.16,0.74,"Omnivore","Eutherian","Hominidae","Pan","From Global Population Dynamics Database (From Fagan et. al. 2001; reporting rmax)","","",NA,NA,"5707421"
"123","Panthera leo",443,1,2,"Mammal","Carnivora",135500,18970,0.14,"Carnivore","Eutherian","Felidae","Panthera","From Global Population Dynamics Database (From Fagan et. al. 2001; reporting rmax)","African ecosystems","",NA,NA,"5219404"
"124","Pekania pennanti",388,1,2,"Mammal","Carnivora",2375,760,0.32,"Carnivore","Eutherian","Mustelidae","Martes","From Global Population Dynamics Database (From Fagan et. al. 2001; reporting rmax)","","",NA,NA,"8631083"
"125","Peromyscus eremicus",1522,1,9,"Mammal","Rodentia",21,17.01,0.81,"Omnivore","Eutherian","Muridae","Peromyscus","From Global Population Dynamics Database (From Fagan et. al. 2001; reporting rmax)","","",NA,NA,"2437981"
"126","Peromyscus maniculatus",1531,1,9,"Mammal","Rodentia",19,19.57,1.03,"Omnivore","Eutherian","Muridae","Peromyscus","From Global Population Dynamics Database (From Fagan et. al. 2001; reporting rmax)","","",NA,NA,"2437967"
"127","Phoca vitulina",467,1,2,"Mammal","Carnivora",59882.5106,7066.136251,0.118,"Carnivore","Eutherian","Phocidae","Phoca","Harwood and Rohani 1996; after Duncan et al. 2007, method: count","","",NA,NA,"2434793"
"128","Phoca vitulina",471,1,2,"Mammal","Carnivora",74167,17800.08,0.24,"Carnivore","Eutherian","Phocidae","Phoca","From Global Population Dynamics Database (From Fagan et. al. 2001; reporting rmax)","","",NA,NA,"2434793"
"129","Phyllotis darwini",1547,1,9,"Mammal","Rodentia",47.02188121,141.0656436,3,"Omnivore","Eutherian","Muridae","Phyllotis","Jimenez et al. 1992; after Duncan et al. 2007, method: count","","",NA,NA,"5219758"
"130","Pteronura brasiliensis",485,1,2,"Mammal","Carnivora",24000,6000,0.25,"Carnivore","Eutherian","Mustelidae","Pteronura","From Global Population Dynamics Database (From Fagan et. al. 2001; reporting rmax)","","",NA,NA,"2433681"
"131","Puma concolor",489,1,2,"Mammal","Carnivora",39600,13464,0.34,"Carnivore","Eutherian","Felidae","Puma","From Global Population Dynamics Database (From Fagan et. al. 2001; reporting rmax)","","",NA,NA,"2435099"
"132","Rangifer tarandus",193,1,1,"Mammal","Artiodactyla",113005.609,42942.13142,0.38,"Herbivore","Eutherian","Cervidae","Rangifer","Caughley and Krebs 1983; after Duncan et al. 2007, method: count","","",NA,NA,"5220114"
"133","Rangifer tarandus",194,1,1,"Mammal","Artiodactyla",113005.609,33901.6827,0.3,"Herbivore","Eutherian","Cervidae","Rangifer","Skogland 1985; after Duncan et al. 2007, method: count","","",NA,NA,"5220114"
"134","Rangifer tarandus",195,1,1,"Mammal","Artiodactyla",113005.609,32771.62661,0.29,"Herbivore","Eutherian","Cervidae","Rangifer","Bergerud et al. 1983; after Duncan et al. 2007, method: count","","",NA,NA,"5220114"
"135","Rangifer tarandus",196,1,1,"Mammal","Artiodactyla",113005.609,26104.29568,0.231,"Herbivore","Eutherian","Cervidae","Rangifer","Caughley and Gunn 1993; after Duncan et al. 2007, method: count","","",NA,NA,"5220114"
"136","Rangifer tarandus",197,1,1,"Mammal","Artiodactyla",113005.609,27573.3686,0.244,"Herbivore","Eutherian","Cervidae","Rangifer","Heard and Ouellet 1994; after Duncan et al. 2007, method: count","","",NA,NA,"5220114"
"137","Rangifer tarandus",199,1,1,"Mammal","Artiodactyla",113005.609,53112.63623,0.47,"Herbivore","Eutherian","Cervidae","Rangifer","Scheffer 1951; after Duncan et al. 2007, method: count","","",NA,NA,"5220114"
"138","Rangifer tarandus",200,1,1,"Mammal","Artiodactyla",113005.609,57632.86059,0.51,"Herbivore","Eutherian","Cervidae","Rangifer","Scheffer 1951; after Duncan et al. 2007, method: count","","",NA,NA,"5220114"
"139","Rattus norvegicus",1562,1,9,"Mammal","Rodentia",248,42.16,0.17,"Omnivore","Eutherian","Muridae","Rattus","From Global Population Dynamics Database (From Fagan et. al. 2001; reporting rmax)","","",NA,NA,"2439261"
"140","Reithrodontomys megalotis",1572,1,9,"Mammal","Rodentia",13,16.25,1.25,"Omnivore","Eutherian","Muridae","Reithrodontomys","From Global Population Dynamics Database (From Fagan et. al. 2001; reporting rmax)","","",NA,NA,"2437874"
"141","Rhinolophus megaphyllus",690,1,2,"Mammal","Chiroptera",11.00018528,12.65021307,1.15,"Carnivore","Eutherian","Rhinolophidae","Rhinolophus","Young 2001; after Duncan et al. 2007, method: count","","",NA,NA,"2432622"
"142","Rupicapra pyrenaica",211,1,1,"Mammal","Artiodactyla",23999.37877,5903.847177,0.246,"Herbivore","Eutherian","Bovidae","Rupicapra","Loison et al. 2002; after Duncan et al. 2007, method: count","","",NA,NA,"5220171"
"143","Sciurus vulgaris",1594,1,1,"Mammal","Rodentia",376,278.24,0.74,"Herbivore","Eutherian","Sciuridae","Sciurus","From Global Population Dynamics Database (From Fagan et. al. 2001; reporting rmax)","","",NA,NA,"8211070"
"144","Sorex araneus",955,1,2,"Mammal","Eulipotyphla",8.072350302,62.15709733,7.7,"Carnivore","Eutherian","Soricidae","Sorex","Hannson 1987; after Duncan et al. 2007, method: count","","",NA,NA,"8316400"
"145","Sorex araneus",956,1,2,"Mammal","Eulipotyphla",8.072350302,43.59069163,5.4,"Carnivore","Eutherian","Soricidae","Sorex","Marcstrom et al. 1990; after Duncan et al. 2007, method: count","","",NA,NA,"8316400"
"146","Sorex cinereus",959,1,2,"Mammal","Eulipotyphla",4,2.64,0.66,"Carnivore","Eutherian","Soricidae","Sorex","From Global Population Dynamics Database (From Fagan et. al. 2001; reporting rmax)","","",NA,NA,"2435964"
"147","Stenella attenuata",589,1,2,"Mammal","Cetacea",112500,2250,0.02,"Carnivore","Eutherian","Delphinidae","Stenella","From Global Population Dynamics Database (From Fagan et. al. 2001; reporting rmax)","","",NA,NA,"5220050"
"148","Sus scrofa",216,1,1,"Mammal","Artiodactyla",93497.50031,74050.02025,0.792,"Herbivore","Eutherian","Suidae","Sus","Choquenot 1998; after Duncan et al. 2007, method: count","African ecosystems","",NA,NA,"7705930"
"149","Syncerus caffer",223,1,1,"Mammal","Artiodactyla",476540.7017,138196.8035,0.29,"Herbivore","Eutherian","Bovidae","Syncerus","Sinclair 1996; after Duncan et al. 2007, method: count","African ecosystems","",NA,NA,"2441034"
"150","Syncerus caffer",225,1,1,"Mammal","Artiodactyla",488750,229712.5,0.47,"Herbivore","Eutherian","Bovidae","Syncerus","From Global Population Dynamics Database (From Fagan et. al. 2001; reporting rmax)","African ecosystems","",NA,NA,"2441034"
"151","Tamias striatus",1623,1,9,"Mammal","Rodentia",96,134.4,1.4,"Omnivore","Eutherian","Sciuridae","Tamias","From Global Population Dynamics Database (From Fagan et. al. 2001; reporting rmax)","","",NA,NA,"2437438"
"152","Taxidea taxus",504,1,2,"Mammal","Carnivora",6385,1404.7,0.22,"Carnivore","Eutherian","Mustelidae","Taxidea","From Global Population Dynamics Database (From Fagan et. al. 2001; reporting rmax)","","",NA,NA,"2434102"
"153","Tragelaphus strepsiceros",243,1,1,"Mammal","Artiodactyla",204456.0659,78715.58537,0.385,"Herbivore","Eutherian","Bovidae","Tragelaphus","Owen-Smith 1990; after Duncan et al. 2007, method: count","African ecosystems","",NA,NA,"5220183"
"154","Trichosurus vulpecula",918,1,1,"Mammal","Diprotodontia",2243.881924,493.6540233,0.22,"Herbivore","Marsupial","Phalangeridae","Trichosurus","Hickling and Pekelharing 1989; after Duncan et al. 2007, method: count","","",NA,NA,"2440254"
"155","Tupaia glis",1648,1,9,"Mammal","Scandentia",148,142.08,0.96,"Omnivore","Eutherian","Tupaiidae","Tupaia","From Global Population Dynamics Database (From Fagan et. al. 2001; reporting rmax)","","",NA,NA,"2436271"
"156","Urocitellus parryii",1609,1,9,"Mammal","Rodentia",625.028758,550.025307,0.88,"Omnivore","Eutherian","Sciuridae","Spermophilus","Boonstra et al. 2001; after Duncan et al. 2007, method: count","","",NA,NA,"8303143"
"157","Urocyon cinereoargenteus",509,1,2,"Mammal","Carnivora",3300,1650,0.5,"Carnivore","Eutherian","Canidae","Urocyon","From Global Population Dynamics Database (From Fagan et. al. 2001; reporting rmax)","","",NA,NA,"2434566"
"158","Ursus americanus",513,1,2,"Mammal","Carnivora",97000,41710,0.43,"Carnivore","Eutherian","Ursidae","Ursus","From Global Population Dynamics Database (From Fagan et. al. 2001; reporting rmax)","","",NA,NA,"2433407"
"159","Ursus arctos",515,1,2,"Mammal","Carnivora",191381.5202,57414.45606,0.3,"Carnivore","Eutherian","Ursidae","Ursus","McCullough 1992; after Duncan et al. 2007, method: count","","",NA,NA,"2433433"
"160","Ursus arctos",517,1,2,"Mammal","Carnivora",111857,27964.25,0.25,"Carnivore","Eutherian","Ursidae","Ursus","From Global Population Dynamics Database (From Fagan et. al. 2001; reporting rmax)","","",NA,NA,"2433433"
"161","Ursus maritimus",520,1,2,"Mammal","Carnivora",272500,103550,0.38,"Carnivore","Eutherian","Ursidae","Ursus","From Global Population Dynamics Database (From Fagan et. al. 2001; reporting rmax)","","",NA,NA,"2433451"
"162","Vulpes lagopus",526,1,2,"Mammal","Carnivora",5200,2548,0.49,"Carnivore","Eutherian","Canidae","Vulpes","From Global Population Dynamics Database (From Fagan et. al. 2001; reporting rmax)","","",NA,NA,"5219303"
"163","Vulpes velox",528,1,2,"Mammal","Carnivora",2073.003331,1658.402665,0.8,"Carnivore","Eutherian","Canidae","Vulpes","Dennis and Otten 2000; after Duncan et al. 2007, method: count","","",NA,NA,"5219290"
"164","Vulpes vulpes",530,1,2,"Mammal","Carnivora",5377.74246,8927.052484,1.66,"Carnivore","Eutherian","Canidae","Vulpes","Peterson 1994; after Duncan et al. 2007, method: count","","",NA,NA,"5219243"
"165","Vulpes vulpes",531,1,2,"Mammal","Carnivora",5377.74246,5646.629583,1.05,"Carnivore","Eutherian","Canidae","Vulpes","Hone 1999; after Duncan et al. 2007, method: count","","",NA,NA,"5219243"
"166","Vulpes vulpes",534,1,2,"Mammal","Carnivora",3900,1911,0.49,"Carnivore","Eutherian","Canidae","Vulpes","From Global Population Dynamics Database (From Fagan et. al. 2001; reporting rmax)","","",NA,NA,"5219243"
"167","Wallabia bicolor",926,1,1,"Mammal","Diprotodontia",13000,4810,0.37,"Herbivore","Marsupial","Macropodidae","Wallabia","From Global Population Dynamics Database (From Fagan et. al. 2001; reporting rmax)","","",NA,NA,"2440149"
"168","Zalophus californianus",538,1,2,"Mammal","Carnivora",79689.29781,5737.629442,0.072,"Carnivore","Eutherian","Otariidae","Zalophus","Eberhardt 1987; after Duncan et al. 2007, method: count","","",NA,NA,"2433458"
"169","Zapus hudsonius",1641,1,1,"Mammal","Rodentia",19,14.63,0.77,"Herbivore","Eutherian","Dipodidae","Zapus","From Global Population Dynamics Database (From Fagan et. al. 2001; reporting rmax)","","",NA,NA,"2439467"
"170","Zapus sp.",1643,1,1,"Mammal","Rodentia",22,11.88,0.54,"Herbivore","Eutherian","Dipodidae","Zapus","From Global Population Dynamics Database (From Fagan et. al. 2001; reporting rmax)","","",NA,NA,"2439466"
