"","Species","X","Plot","Plot2","Major_taxa","Order","Mass_g","Metabolism_W","Trophic","Group","Mass_Spec_Meta_Watt","Inverse_Mass_Spec_Meta_Watt","GBIF_ID"
"1","Abrothrix andinus",594,1,1,"Mammal","Rodentia",34.6,0.361111111,"Herbivore","Eutherian",0.010436737,95.81538464,"4265099"
"2","Abrothrix longipilis",595,1,1,"Mammal","Rodentia",42.3,0.322222222,"Herbivore","Eutherian",0.007617547,131.2758622,"4265092"
"3","Abrothrix olivaceus",596,1,1,"Mammal","Rodentia",27,0.275,"Herbivore","Eutherian",0.010185185,98.18181818,"4265094"
"4","Acinonyx jubatus",16,1,2,"Mammal","Carnivora",37900,50.10277778,"Carnivore","Eutherian",0.001321973,756.4450851,"2435270"
"5","Acomys cahirinus",1763,1,9,"Mammal","Rodentia",42,0.258,"Omnivore","Eutherian",0.006142857,162.7906977,"9800308"
"6","Acomys russatus",18,1,9,"Mammal","Rodentia",51.1,0.227777778,"Omnivore","Eutherian",0.004457491,224.3414632,"2438257"
"7","Acomys spinosissimus",601,1,9,"Mammal","Rodentia",27,0.244444444,"Omnivore","Eutherian",0.009053498,110.4545457,"2438266"
"8","Acomys subspinosus",602,1,9,"Mammal","Rodentia",32.3,0.466666667,"Omnivore","Eutherian",0.014447884,69.21428566,"2438258"
"9","Aconaemys fuscus",603,1,1,"Mammal","Rodentia",112,0.675,"Herbivore","Eutherian",0.006026786,165.9259259,"2439653"
"10","Acrobates pygmaeus",20,1,1,"Mammal","Diprotodontia",14,0.083333333,"Herbivore","Marsupial",0.005952381,168.0000007,"5219960"
"11","Aeorestes cinereus",222,1,2,"Mammal","Chiroptera",19.9,0.091666667,"Carnivore","Eutherian",0.004606365,217.0909083,"11138256"
"12","Aepyprymnus rufescens",27,1,1,"Mammal","Diprotodontia",2820,5.977777778,"Herbivore","Marsupial",0.002119779,471.7472119,"2440030"
"13","Ailurus fulgens",28,1,2,"Mammal","Carnivora",5740,4.898,"Carnivore","Eutherian",0.00085331,1171.906901,"5219446"
"14","Akodon azarae",604,1,9,"Mammal","Rodentia",23.5,0.222222222,"Omnivore","Eutherian",0.009456265,105.7500001,"2437878"
"15","Alces alces",22,1,1,"Mammal","Artiodactyla",325000,286.847,"Herbivore","Eutherian",0.000882606,1133.008189,"2440940"
"16","Alces americanus",23,1,1,"Mammal","Artiodactyla",350000,318.4316358,"Herbivore","Eutherian",0.000909805,1099.137022,"4262283"
"17","Alouatta palliata",544,1,1,"Mammal","Primate",4670,11.464,"Herbivore","Eutherian",0.002454818,407.3621773,"2436649"
"18","Alticola argentatus",3810,1,9,"Mammal","Rodentia",37.7,0.675,"Omnivore","Eutherian",0.017904509,55.85185185,"2438712"
"19","Amblysomus hottentotus",1,1,2,"Mammal","Afrosoricida",70,0.472222222,"Carnivore","Eutherian",0.006746032,148.2352942,"5218439"
"20","Ammospermophilus leucurus",42,1,9,"Mammal","Rodentia",94.1,0.511,"Omnivore","Eutherian",0.005430393,184.148728,"2437570"
"21","Anoura caudifer",182,1,2,"Mammal","Chiroptera",11.3,0.158333333,"Carnivore","Eutherian",0.014011799,71.3684212,"5963040"
"22","Anoura latidens",183,1,2,"Mammal","Chiroptera",13.6,0.205555556,"Carnivore","Eutherian",0.015114379,66.16216202,"5963038"
"23","Antechinomys laniger",51,1,2,"Mammal","Dasyuromorphia",24.2,0.133333333,"Carnivore","Marsupial",0.005509642,181.5000005,"2435419"
"24","Antechinus flavipes",52,1,2,"Mammal","Dasyuromorphia",46.5,0.252,"Carnivore","Marsupial",0.005419355,184.5238095,"2435366"
"25","Antechinus stuartii",53,1,2,"Mammal","Dasyuromorphia",25,0.189,"Carnivore","Marsupial",0.00756,132.2751323,"2435370"
"26","Antechinus swainsonii",54,1,2,"Mammal","Dasyuromorphia",66.9,0.351,"Carnivore","Marsupial",0.005246637,190.5982906,"2435377"
"27","Antilocapra americana",5710,1,1,"Mammal","Artiodactyla",34779.3,50.973,"Herbivore","Eutherian",0.001465613,682.3082809,"2440902"
"28","Antrozous pallidus",184,1,2,"Mammal","Chiroptera",22,0.104,"Carnivore","Eutherian",0.004727273,211.5384615,"2432339"
"29","Aotus trivirgatus",59,1,9,"Mammal","Primate",914.5,2.499,"Omnivore","Eutherian",0.002732641,365.9463786,"5219590"
"30","Aplodontia rufa",60,1,1,"Mammal","Rodentia",630,1.547222222,"Herbivore","Eutherian",0.002455908,407.1813286,"2439690"
"31","Apodemus agrarius",611,1,9,"Mammal","Rodentia",21.2,0.373,"Omnivore","Eutherian",0.01759434,56.83646113,"2437761"
"32","Apodemus flavicollis",612,1,9,"Mammal","Rodentia",28.3,0.365,"Omnivore","Eutherian",0.012897527,77.53424658,"2437756"
"33","Apodemus mystacinus",613,1,9,"Mammal","Rodentia",40.4,0.313888889,"Omnivore","Eutherian",0.007769527,128.7079646,"2437773"
"34","Apodemus sylvaticus",61,1,9,"Mammal","Rodentia",23.9,0.241666667,"Omnivore","Eutherian",0.010111576,98.89655159,"2437760"
"35","Apodemus witherbyi",616,1,9,"Mammal","Rodentia",20.5,0.277777778,"Omnivore","Eutherian",0.013550136,73.79999994,"5706747"
"36","Arborimus pomo",617,1,1,"Mammal","Rodentia",21.8,0.327777778,"Herbivore","Eutherian",0.015035678,66.50847453,"2437932"
"37","Arctictis binturong",67,1,2,"Mammal","Carnivora",14280,6.291666667,"Carnivore","Eutherian",0.000440593,2269.668874,"2434615"
"38","Arctocebus calabarensis",68,1,9,"Mammal","Primate",206,0.731,"Omnivore","Eutherian",0.003548544,281.8057456,"2436632"
"39","Arctogalidia trivirgata",69,1,2,"Mammal","Carnivora",2010,3.083333333,"Carnivore","Eutherian",0.001533997,651.891892,"2434742"
"40","Artibeus concolor",185,1,2,"Mammal","Chiroptera",19.7,0.183333333,"Carnivore","Eutherian",0.009306261,107.4545456,"2433274"
"41","Artibeus fimbriatus",186,1,2,"Mammal","Chiroptera",63.9,0.436111111,"Carnivore","Eutherian",0.0068249,146.522293,"2433268"
"42","Artibeus jamaicensis",7412,1,2,"Mammal","Chiroptera",45.2,0.316666667,"Carnivore","Eutherian",0.0070059,142.736842,"2433272"
"43","Artibeus lituratus",75,1,2,"Mammal","Chiroptera",69.7,0.483333333,"Carnivore","Eutherian",0.006934481,144.2068967,"2433270"
"44","Arvicola amphibius",76,1,9,"Mammal","Rodentia",94.7,0.613,"Omnivore","Eutherian",0.006473073,154.4861338,"4265185"
"45","Aselliscus tricuspidatus",191,1,2,"Mammal","Chiroptera",4.2,0.038888889,"Carnivore","Eutherian",0.009259259,107.9999997,"2432599"
"46","Atelerix albiventris",83,1,9,"Mammal","Erinaceomorpha",450,0.827777778,"Omnivore","Eutherian",0.001839506,543.6241609,"2437140"
"47","Auliscomys boliviensis",620,1,1,"Mammal","Rodentia",76.8,0.616666667,"Herbivore","Eutherian",0.008029514,124.5405405,"2438834"
"48","Baiomys taylori",89,1,1,"Mammal","Rodentia",7.3,0.080555556,"Herbivore","Eutherian",0.011035008,90.62068916,"2438866"
"49","Bassariscus sumichrasti",931,1,2,"Mammal","Carnivora",1280,3.537,"Carnivore","Eutherian",0.002763281,361.8886062,"2433551"
"50","Bathyergus janetta",623,1,1,"Mammal","Rodentia",406,1.222222222,"Herbivore","Eutherian",0.0030104,332.1818182,"2437223"
"51","Bathyergus suillus",624,1,1,"Mammal","Rodentia",712,1.905555556,"Herbivore","Eutherian",0.002676342,373.6443148,"2437222"
"52","Bettongia gaimardi",101,1,1,"Mammal","Diprotodontia",1385,3.577777778,"Herbivore","Marsupial",0.002583233,387.1118012,"2440025"
"53","Bettongia penicillata",1022,1,1,"Mammal","Diprotodontia",1070,3.075,"Herbivore","Marsupial",0.002873832,347.9674797,"2440026"
"54","Blarina brevicauda",103,1,2,"Mammal","Eulipotyphla",21,0.291666667,"Carnivore","Eutherian",0.013888889,71.99999992,"2435862"
"55","Blarina carolinensis",426,1,2,"Mammal","Eulipotyphla",10.2,0.186111111,"Carnivore","Eutherian",0.018246187,54.80597018,"2435875"
"56","Bos taurus",26,1,1,"Mammal","Artiodactyla",347000,306.77,"Herbivore","Eutherian",0.000884063,1131.140594,"2441022"
"57","Brachylagus idahoensis",480,1,1,"Mammal","Lagomorpha",432,2.145,"Herbivore","Eutherian",0.004965278,201.3986014,"2436688"
"58","Bradypus variegatus",1030,1,9,"Mammal","Xenarthra",3790,3.827777778,"Omnivore","Eutherian",0.001009968,990.130624,"2436353"
"59","Burramys parvus",111,1,1,"Mammal","Diprotodontia",44.3,0.205,"Herbivore","Marsupial",0.00462754,216.097561,"2440237"
"60","Cabassous centralis",113,1,9,"Mammal","Xenarthra",3810,4.463888889,"Omnivore","Marsupial",0.001171624,853.5158681,"2440806"
"61","Callimico goeldii",549,1,9,"Mammal","Primate",557,1.552777778,"Omnivore","Eutherian",0.002787752,358.7119856,"2436464"
"62","Callithrix jacchus",129,1,9,"Mammal","Primate",190,0.848,"Omnivore","Eutherian",0.004463158,224.0566038,"5219542"
"63","Callithrix pygmaea",552,1,9,"Mammal","Primate",152.5,0.547222222,"Omnivore","Eutherian",0.003588342,278.6802032,"5219535"
"64","Callospermophilus lateralis",625,1,9,"Mammal","Rodentia",249.6,0.967,"Omnivore","Eutherian",0.003874199,258.1178904,"7593288"
"65","Callospermophilus saturatus",626,1,9,"Mammal","Rodentia",256.6,0.849,"Omnivore","Eutherian",0.003308652,302.237927,"8102496"
"66","Calomys callosus",627,1,9,"Mammal","Rodentia",48,0.397222222,"Omnivore","Eutherian",0.008275463,120.8391609,"2437950"
"67","Calomys lepidus",628,1,9,"Mammal","Rodentia",16,0.161111111,"Omnivore","Eutherian",0.010069444,99.3103449,"2437955"
"68","Calomys musculinus",629,1,9,"Mammal","Rodentia",16.9,0.155555556,"Omnivore","Eutherian",0.009204471,108.6428568,"2437951"
"69","Calomys venustus",630,1,9,"Mammal","Rodentia",49.5,0.394444444,"Omnivore","Eutherian",0.007968575,125.4929579,"4265148"
"70","Caluromys derbianus",130,1,9,"Mammal","Didelphimorphia",357,1.136111111,"Omnivore","Marsupial",0.003182384,314.2298289,"2439992"
"71","Camelus dromedarius",131,1,1,"Mammal","Artiodactyla",407000,224.7444444,"Herbivore","Eutherian",0.000552198,1810.945766,"9055455"
"72","Canis latrans",135,1,2,"Mammal","Carnivora",10000,15,"Carnivore","Eutherian",0.0015,666.6666667,"5219153"
"73","Canis lupus",74,1,2,"Mammal","Carnivora",33000,45.09722222,"Carnivore","Eutherian",0.001366582,731.7523869,"5219173"
"74","Canis mesomelas",136,1,2,"Mammal","Carnivora",7720,21.05555556,"Carnivore","Eutherian",0.002727404,366.6490764,"5219216"
"75","Cannomys badius",137,1,1,"Mammal","Rodentia",344,0.958333333,"Herbivore","Eutherian",0.002785853,358.9565219,"2438494"
"76","Capreolus capreolus",138,1,1,"Mammal","Artiodactyla",19000,41.54444444,"Herbivore","Eutherian",0.00218655,457.3415352,"5220126"
"77","Capromys pilorides",139,1,1,"Mammal","Rodentia",2630,3.375,"Herbivore","Eutherian",0.00128327,779.2592593,"2437653"
"78","Capromys pilorides",140,1,1,"Mammal","Rodentia",2630,3.375,"Herbivore","Eutherian",0.00128327,779.2592593,"2437653"
"79","Carlito syrichta",553,1,9,"Mammal","Primate",113,0.43,"Omnivore","Eutherian",0.00380531,262.7906977,"8008808"
"80","Carollia perspicillata",146,1,2,"Mammal","Chiroptera",14.9,0.175,"Carnivore","Eutherian",0.011744966,85.14285714,"2433176"
"81","Castor canadensis",635,1,1,"Mammal","Rodentia",15270,25.95833333,"Herbivore","Eutherian",0.001699956,588.2504014,"2439838"
"82","Cavia porcellus",148,1,1,"Mammal","Rodentia",629,1.930555556,"Herbivore","Eutherian",0.003069246,325.8129496,"5219702"
"83","Cebuella pygmaea",554,1,9,"Mammal","Primate",110.7,0.599,"Omnivore","Eutherian",0.005411021,184.8080134,"4827382"
"84","Cercartetus concinnus",373,1,1,"Mammal","Diprotodontia",18.6,0.125,"Herbivore","Marsupial",0.00672043,148.8,"2440233"
"85","Cercartetus lepidus",374,1,1,"Mammal","Diprotodontia",12.6,0.105555556,"Herbivore","Marsupial",0.008377425,119.3684206,"2440232"
"86","Cercartetus nanus",153,1,1,"Mammal","Diprotodontia",64.8,0.311,"Herbivore","Marsupial",0.004799383,208.3601286,"2440226"
"87","Cercopithecus mitis",154,1,9,"Mammal","Primate",8500,18.96388889,"Omnivore","Eutherian",0.002231046,448.2203017,"5219578"
"88","Cerdocyon thous",155,1,2,"Mammal","Carnivora",5444,8.502,"Carnivore","Eutherian",0.001561719,640.3199247,"2434584"
"89","Cervus elaphus",15610,1,1,"Mammal","Artiodactyla",58000,90.58333333,"Herbivore","Eutherian",0.001561782,640.2943882,"2440958"
"90","Chaetodipus baileyi",638,1,9,"Mammal","Rodentia",29.1,0.194444444,"Omnivore","Eutherian",0.00668194,149.6571432,"2439581"
"91","Chaetodipus californicus",639,1,9,"Mammal","Rodentia",22,0.119444444,"Omnivore","Eutherian",0.005429293,184.1860472,"2439594"
"92","Chaetodipus fallax",158,1,9,"Mammal","Rodentia",19.6,0.15,"Omnivore","Eutherian",0.007653061,130.6666667,"2439579"
"93","Chaetodipus fallax",159,1,9,"Mammal","Rodentia",19.6,0.15,"Omnivore","Eutherian",0.007653061,130.6666667,"2439579"
"94","Chaetodipus formosus",642,1,9,"Mammal","Rodentia",15.1,0.103,"Omnivore","Eutherian",0.006821192,146.6019417,"2439596"
"95","Chaetodipus hispidus",643,1,9,"Mammal","Rodentia",39.5,0.275,"Omnivore","Eutherian",0.006962025,143.6363636,"2439583"
"96","Chaetodipus intermedius",644,1,9,"Mammal","Rodentia",14.6,0.086111111,"Omnivore","Eutherian",0.005898021,169.5483873,"2439589"
"97","Chaetodipus penicillatus",645,1,9,"Mammal","Rodentia",16,0.125,"Omnivore","Eutherian",0.0078125,128,"2439591"
"98","Chaetophractus nationi",160,1,9,"Mammal","Xenarthra",2150,3.118,"Omnivore","Marsupial",0.001450233,689.5445799,"2440815"
"99","Chaetophractus vellerosus",161,1,9,"Mammal","Xenarthra",1110,1.707,"Omnivore","Marsupial",0.001537838,650.2636204,"2440817"
"100","Chaetophractus villosus",162,1,9,"Mammal","Xenarthra",4540,4.508,"Omnivore","Marsupial",0.000992952,1007.098492,"2440816"
"101","Chalinolobus gouldii",194,1,2,"Mammal","Chiroptera",17.5,0.138888889,"Carnivore","Eutherian",0.007936508,125.9999999,"2432284"
"102","Cheirogaleus medius",16610,1,9,"Mammal","Primate",300,1.088,"Omnivore","Eutherian",0.003626667,275.7352941,"2436451"
"103","Chelemys macronyx",646,1,1,"Mammal","Rodentia",62,0.469444444,"Herbivore","Eutherian",0.007571685,132.071006,"2439044"
"104","Chinchilla chinchilla",647,1,1,"Mammal","Rodentia",454.4,1.261111111,"Herbivore","Eutherian",0.002775333,360.3171806,"4264738"
"105","Chinchilla lanigera",168,1,1,"Mammal","Rodentia",426,1.258333333,"Herbivore","Eutherian",0.002953834,338.5430464,"5219944"
"106","Chionomys nivalis",650,1,1,"Mammal","Rodentia",37.5,0.655555556,"Herbivore","Eutherian",0.017481481,57.20338979,"2438162"
"107","Chiroderma doriae",195,1,2,"Mammal","Chiroptera",19.9,0.172222222,"Carnivore","Eutherian",0.008654383,115.5483872,"2433166"
"108","Chironectes minimus",169,1,9,"Mammal","Didelphimorphia",923,2.044444444,"Omnivore","Marsupial",0.002214999,451.4673914,"5219955"
"109","Choeroniscus godmani",196,1,2,"Mammal","Chiroptera",10.1,0.105555556,"Carnivore","Eutherian",0.010451045,95.68421012,"2433161"
"110","Choloepus hoffmanni",17210,1,1,"Mammal","Xenarthra",4005.2,3.891,"Herbivore","Eutherian",0.000971487,1029.349782,"5219520"
"111","Chrotopterus auritus",197,1,2,"Mammal","Chiroptera",96.1,0.569444444,"Carnivore","Eutherian",0.005925541,168.7609757,"5218753"
"112","Chrysochloris asiatica",2,1,2,"Mammal","Afrosoricida",34,0.227777778,"Carnivore","Eutherian",0.006699346,149.2682925,"2432182"
"113","Coendou prehensilis",1782,1,1,"Mammal","Rodentia",3280,5.122222222,"Herbivore","Eutherian",0.001561653,640.3470716,"2437600"
"114","Colobus guereza",180,1,1,"Mammal","Primate",10500,16.69166667,"Herbivore","Eutherian",0.001589683,629.0564153,"5963045"
"115","Condylura cristata",1822,1,2,"Mammal","Eulipotyphla",49,0.615,"Carnivore","Eutherian",0.01255102,79.67479675,"2436248"
"116","Conilurus penicillatus",1831,1,1,"Mammal","Rodentia",212.3,0.902777778,"Herbivore","Eutherian",0.004252368,235.1630769,"2437959"
"117","Connochaetes taurinus",1841,1,1,"Mammal","Artiodactyla",140000,156.1777778,"Herbivore","Eutherian",0.001115556,896.4143425,"2441105"
"118","Cricetomys gambianus",192,1,9,"Mammal","Rodentia",1686.7,6.024,"Omnivore","Eutherian",0.003571471,279.9966799,"2438550"
"119","Cricetulus migratorius",657,1,1,"Mammal","Rodentia",30.7,0.244444444,"Herbivore","Eutherian",0.00796236,125.5909093,"2438772"
"120","Cricetus cricetus",193,1,1,"Mammal","Rodentia",365.3,1.251,"Herbivore","Eutherian",0.003424583,292.0063949,"2438704"
"121","Crocidura flavescens",429,1,2,"Mammal","Eulipotyphla",33.2,0.248,"Carnivore","Eutherian",0.00746988,133.8709677,"9177524"
"122","Crocidura hildegardeae",430,1,2,"Mammal","Eulipotyphla",10,0.144444444,"Carnivore","Eutherian",0.014444444,69.23076944,"2435725"
"123","Crocidura jouvenetae",431,1,2,"Mammal","Eulipotyphla",10.2,0.125,"Carnivore","Eutherian",0.012254902,81.6,"2435601"
"124","Crocidura leucodon",1951,1,2,"Mammal","Eulipotyphla",11.7,0.166,"Carnivore","Eutherian",0.014188034,70.48192771,"2435723"
"125","Crocidura luna",434,1,2,"Mammal","Eulipotyphla",11.8,0.138888889,"Carnivore","Eutherian",0.011770245,84.95999993,"2435572"
"126","Crocidura olivieri",435,1,2,"Mammal","Eulipotyphla",38.9,0.325,"Carnivore","Eutherian",0.008354756,119.6923077,"2435579"
"127","Crocidura poensis",436,1,9,"Mammal","Eulipotyphla",17.3,0.175,"Omnivore","Eutherian",0.010115607,98.85714286,"2435577"
"128","Crocidura russula",1961,1,2,"Mammal","Eulipotyphla",10.4,0.127777778,"Carnivore","Eutherian",0.012286325,81.39130421,"2435654"
"129","Crocidura suaveolens",1972,1,2,"Mammal","Eulipotyphla",6.5,0.105555556,"Carnivore","Eutherian",0.016239316,61.57894711,"2435687"
"130","Crocidura viaria",441,1,2,"Mammal","Eulipotyphla",14.7,0.122222222,"Carnivore","Eutherian",0.008314437,120.2727275,"2435630"
"131","Cryptomys bocagei",660,1,1,"Mammal","Rodentia",94,0.388888889,"Herbivore","Eutherian",0.004137116,241.7142856,"2437216"
"132","Cryptomys damarensis",199,1,1,"Mammal","Rodentia",125,0.397222222,"Herbivore","Eutherian",0.003177778,314.6853149,"2437214"
"133","Cryptomys darlingi",663,1,1,"Mammal","Rodentia",60,0.327777778,"Herbivore","Eutherian",0.005462963,183.0508473,"4263050"
"134","Cryptomys hottentotus",200,1,1,"Mammal","Rodentia",78.9,0.35,"Herbivore","Eutherian",0.004435995,225.4285714,"2437213"
"135","Cryptomys mechowi",666,1,1,"Mammal","Rodentia",272,0.911111111,"Herbivore","Eutherian",0.003349673,298.5365854,"2437217"
"136","Cryptotis parva",2021,1,2,"Mammal","Eulipotyphla",6.2,0.105555556,"Carnivore","Eutherian",0.01702509,58.73684186,"5219509"
"137","Ctenomys australis",667,1,1,"Mammal","Rodentia",340,0.644444444,"Herbivore","Eutherian",0.001895425,527.5862073,"2439639"
"138","Ctenomys fulvus",668,1,1,"Mammal","Rodentia",300,1.055555556,"Herbivore","Eutherian",0.003518519,284.2105262,"2439609"
"139","Ctenomys maulinus",669,1,1,"Mammal","Rodentia",215,1.044444444,"Herbivore","Eutherian",0.004857881,205.8510639,"2439638"
"140","Ctenomys opimus",670,1,1,"Mammal","Rodentia",214,0.775,"Herbivore","Eutherian",0.003621495,276.1290323,"2439640"
"141","Ctenomys peruanus",671,1,1,"Mammal","Rodentia",490,1.230555556,"Herbivore","Eutherian",0.002511338,398.1941308,"2439642"
"142","Ctenomys talarum",2031,1,1,"Mammal","Rodentia",121,0.611,"Herbivore","Eutherian",0.005049587,198.0360065,"2439621"
"143","Cuniculus paca",2051,1,1,"Mammal","Rodentia",9156,15.32222222,"Herbivore","Eutherian",0.001673462,597.5634519,"4263039"
"144","Cyclopes didactylus",206,1,9,"Mammal","Xenarthra",240,0.636,"Omnivore","Eutherian",0.00265,377.3584906,"2436326"
"145","Cynomys ludovicianus",207,1,1,"Mammal","Rodentia",1112.3,2.358,"Herbivore","Eutherian",0.002119932,471.7133164,"2437232"
"146","Cynopterus brachyotis",2081,1,2,"Mammal","Chiroptera",37.2,0.262,"Carnivore","Eutherian",0.007043011,141.9847328,"2432837"
"147","Dasycercus cristicauda",214,1,2,"Mammal","Dasyuromorphia",88.8,0.258333333,"Carnivore","Marsupial",0.002909159,343.7419359,"2435422"
"148","Dasyprocta azarae",215,1,1,"Mammal","Rodentia",3849,10.51944444,"Herbivore","Eutherian",0.002733033,365.8938475,"2437582"
"149","Dasyprocta leporina",2161,1,1,"Mammal","Rodentia",2687,8.691666667,"Herbivore","Eutherian",0.00323471,309.1466922,"2437577"
"150","Dasypus novemcinctus",2171,1,9,"Mammal","Xenarthra",3320,4.444444444,"Omnivore","Marsupial",0.001338688,747.0000001,"2440779"
"151","Dasypus sabanicola",1045,1,9,"Mammal","Xenarthra",1380,1.733333333,"Omnivore","Marsupial",0.001256039,796.1538463,"2440787"
"152","Dasyuroides byrnei",2181,1,2,"Mammal","Dasyuromorphia",100,0.439,"Carnivore","Marsupial",0.00439,227.7904328,"2435467"
"153","Dasyurus geoffroii",2191,1,2,"Mammal","Dasyuromorphia",1326.7,2.991,"Carnivore","Marsupial",0.002254466,443.5640254,"2435362"
"154","Dasyurus hallucatus",2201,1,2,"Mammal","Dasyuromorphia",571,1.501,"Carnivore","Marsupial",0.002628722,380.413058,"2435358"
"155","Dasyurus maculatus",22110,1,2,"Mammal","Dasyuromorphia",1782,3.142,"Carnivore","Marsupial",0.001763187,567.1546785,"2435361"
"156","Dasyurus viverrinus",22210,1,2,"Mammal","Dasyuromorphia",945.3,2.26,"Carnivore","Marsupial",0.002390775,418.2743363,"2435357"
"157","Dendrohyrax dorsalis",475,1,1,"Mammal","Hyracoidea",2210,4.191666667,"Herbivore","Eutherian",0.001896682,527.2365805,"2437046"
"158","Dendrolagus matschiei",22510,1,1,"Mammal","Diprotodontia",6960,7.96,"Herbivore","Marsupial",0.001143678,874.3718593,"2440206"
"159","Desmodillus auricularis",226,1,1,"Mammal","Rodentia",71.9,0.488888889,"Herbivore","Eutherian",0.006799567,147.0681818,"2437723"
"160","Desmodus rotundus",227,1,2,"Mammal","Chiroptera",29.4,0.15,"Carnivore","Eutherian",0.005102041,196,"2433298"
"161","Diaemus youngi",202,1,2,"Mammal","Chiroptera",36.6,0.188888889,"Carnivore","Eutherian",0.005160899,193.7647058,"7388991"
"162","Dicrostonyx groenlandicus",229,1,1,"Mammal","Rodentia",56.8,0.459,"Herbivore","Eutherian",0.008080986,123.7472767,"2438391"
"163","Didelphis marsupialis",232,1,9,"Mammal","Didelphimorphia",1244.3,3.31,"Omnivore","Marsupial",0.00266013,375.9214502,"2439920"
"164","Didelphis virginiana",233,1,9,"Mammal","Didelphimorphia",2846.6,5.299,"Omnivore","Marsupial",0.001861519,537.1956973,"2439923"
"165","Diphylla ecaudata",203,1,2,"Mammal","Chiroptera",27.8,0.188888889,"Carnivore","Eutherian",0.006794564,147.1764705,"2433173"
"166","Dipodillus dasyurus",686,1,1,"Mammal","Rodentia",27.6,0.163888889,"Herbivore","Eutherian",0.005938003,168.4067795,"4264993"
"167","Dipodomys agilis",23510,1,1,"Mammal","Rodentia",60.6,0.355,"Herbivore","Eutherian",0.005858086,170.7042254,"2439534"
"168","Dipodomys deserti",2367,1,1,"Mammal","Rodentia",106,0.513888889,"Herbivore","Eutherian",0.004848008,206.2702702,"2439535"
"169","Dipodomys heermanni",2377,1,1,"Mammal","Rodentia",63.3,0.408,"Herbivore","Eutherian",0.006445498,155.1470588,"2439536"
"170","Dipodomys merriami",2381,1,1,"Mammal","Rodentia",38.3,0.241666667,"Herbivore","Eutherian",0.006309835,158.4827584,"2439521"
"171","Dipodomys microps",695,1,1,"Mammal","Rodentia",57.2,0.372222222,"Herbivore","Eutherian",0.006507382,153.6716419,"2439510"
"172","Dipodomys nitratoides",2391,1,1,"Mammal","Rodentia",37.8,0.204,"Herbivore","Eutherian",0.005396825,185.2941176,"2439524"
"173","Dipodomys ordii",2401,1,1,"Mammal","Rodentia",47.8,0.339,"Herbivore","Eutherian",0.00709205,141.0029499,"2439541"
"174","Dipodomys panamintinus",700,1,1,"Mammal","Rodentia",64.2,0.416666667,"Herbivore","Eutherian",0.006490135,154.0799999,"2439513"
"175","Dobsonia anderseni",204,1,1,"Mammal","Chiroptera",241.4,0.969444444,"Herbivore","Eutherian",0.004015926,249.0085961,"4265728"
"176","Dobsonia minor",205,1,2,"Mammal","Chiroptera",73.7,0.416666667,"Carnivore","Eutherian",0.00565355,176.8799999,"2432825"
"177","Dobsonia moluccensis",243,1,1,"Mammal","Chiroptera",312.4,1.411,"Herbivore","Eutherian",0.004516645,221.4032601,"2432822"
"178","Dobsonia praedatrix",208,1,1,"Mammal","Chiroptera",179.5,0.8,"Herbivore","Eutherian",0.004456825,224.375,"2432821"
"179","Dolichotis salinicola",701,1,1,"Mammal","Rodentia",1613,4.05,"Herbivore","Eutherian",0.002510849,398.2716049,"2437618"
"180","Dromiciops gliroides",513,1,9,"Mammal","Microbiotheria",40,0.177777778,"Omnivore","Eutherian",0.004444444,224.9999997,"2433393"
"181","Echinops telfairi",3,1,2,"Mammal","Afrosoricida",116.4,0.75,"Carnivore","Eutherian",0.006443299,155.2,"5218434"
"182","Echinosorex gymnura",2451,1,9,"Mammal","Erinaceomorpha",721.2,2.816,"Omnivore","Eutherian",0.003904603,256.1079545,"2437114"
"183","Echymipera kalubu",521,1,9,"Mammal","Peramelemorphia",695,1.9,"Omnivore","Marsupial",0.002733813,365.7894737,"2435317"
"184","Echymipera rufescens",2461,1,9,"Mammal","Peramelemorphia",886.6,2.255,"Omnivore","Marsupial",0.002543424,393.1707317,"2435324"
"185","Eira barbara",2492,1,9,"Mammal","Carnivora",2950,6.811,"Omnivore","Eutherian",0.002308814,433.1228894,"2433716"
"186","Elephantulus brachyrhynchus",2521,1,2,"Mammal","Macroscelidea",45.3,0.244,"Carnivore","Eutherian",0.005386313,185.6557377,"2440856"
"187","Elephantulus edwardii",2531,1,2,"Mammal","Macroscelidea",49.8,0.302777778,"Carnivore","Eutherian",0.006079875,164.4770641,"2440847"
"188","Elephantulus intufi",2541,1,2,"Mammal","Macroscelidea",46.5,0.288888889,"Carnivore","Eutherian",0.006212664,160.9615384,"2440842"
"189","Elephantulus myurus",504,1,2,"Mammal","Macroscelidea",62.97,0.369444444,"Carnivore","Eutherian",0.005866991,170.445113,"2440855"
"190","Elephantulus rozeti",2551,1,2,"Mammal","Macroscelidea",45.31,0.266666667,"Carnivore","Eutherian",0.005885382,169.9124998,"2440839"
"191","Elephantulus rufescens",256,1,2,"Mammal","Macroscelidea",53,0.316666667,"Carnivore","Eutherian",0.005974843,167.3684209,"2440848"
"192","Elephas maximus",593,1,1,"Mammal","Proboscidea",3672000,2336.5,"Herbivore","Eutherian",0.000636302,1571.581425,"5219461"
"193","Eligmodontia typus",257,1,1,"Mammal","Rodentia",17.5,0.166666667,"Herbivore","Eutherian",0.00952381,104.9999998,"5219750"
"194","Enhydra lutris",2641,1,2,"Mammal","Carnivora",18000,72.28888889,"Carnivore","Eutherian",0.004016049,249.0009222,"2433670"
"195","Eonycteris spelaea",209,1,2,"Mammal","Chiroptera",51.6,0.266666667,"Carnivore","Eutherian",0.005167959,193.4999998,"2432968"
"196","Epixerus ebii",704,1,1,"Mammal","Rodentia",460,1.347222222,"Herbivore","Eutherian",0.002928744,341.443299,"2437272"
"197","Eptesicus fuscus",210,1,2,"Mammal","Chiroptera",13.3,0.113,"Carnivore","Eutherian",0.008496241,117.699115,"2432352"
"198","Equus asinus",536,1,1,"Mammal","Perissodactyla",177500,164.92,"Herbivore","Eutherian",0.000929127,1076.279408,"2440891"
"199","Eremitalpa granti",4,1,2,"Mammal","Afrosoricida",26.1,0.086111111,"Carnivore","Eutherian",0.003299276,303.0967746,"2432155"
"200","Erethizon dorsatum",2671,1,1,"Mammal","Rodentia",6871,13.675,"Herbivore","Eutherian",0.001990249,502.4497258,"6066824"
"201","Erinaceus concolor",269,1,9,"Mammal","Erinaceomorpha",822.7,1.936111111,"Omnivore","Eutherian",0.002353362,424.9239599,"5219624"
"202","Erinaceus europaeus",270,1,9,"Mammal","Eulipotyphla",749,1.883333333,"Omnivore","Eutherian",0.002514464,397.6991151,"5219616"
"203","Erophylla bombifrons",211,1,2,"Mammal","Chiroptera",16.1,0.1,"Carnivore","Eutherian",0.00621118,161,"2433151"
"204","Erythrocebus patas",561,1,9,"Mammal","Primate",3000,5.958,"Omnivore","Eutherian",0.001986,503.5246727,"2436548"
"205","Eulemur fulvus",2821,1,9,"Mammal","Primate",2330,1.805555556,"Omnivore","Eutherian",0.000774917,1290.461538,"9092265"
"206","Eumops perotis",212,1,2,"Mammal","Chiroptera",56,0.222222222,"Carnivore","Eutherian",0.003968254,252.0000003,"2432993"
"207","Euneomys chinchilloides",707,1,1,"Mammal","Rodentia",65.4,0.469444444,"Herbivore","Eutherian",0.00717805,139.3136096,"2438876"
"208","Euoticus elegantulus",284,1,1,"Mammal","Primate",262,1.197222222,"Herbivore","Eutherian",0.00456955,218.8399072,"2436514"
"209","Euphractus sexcinctus",288,1,9,"Mammal","Xenarthra",8190,6.897222222,"Omnivore","Marsupial",0.000842152,1187.434555,"2440799"
"210","Felis silvestris",NA,NA,NA,"Mammal","Carnivora",3000,6.319,"","",0.002106333,474.7586643,"7964291"
"211","Fossa fossana",299,1,2,"Mammal","Carnivora",2260,5.02262,"Carnivore","Eutherian",0.002222398,449.9643612,"2433529"
"212","Funisciurus anerythrus",708,1,1,"Mammal","Rodentia",63,0.58,"Herbivore","Eutherian",0.009206349,108.6206897,"2437413"
"213","Funisciurus congicus",303,1,1,"Mammal","Rodentia",112.3,0.533,"Herbivore","Eutherian",0.004746215,210.6941839,"2437412"
"214","Funisciurus isabella",711,1,1,"Mammal","Rodentia",60,0.569444444,"Herbivore","Eutherian",0.009490741,105.3658537,"2437415"
"215","Funisciurus lemniscatus",712,1,1,"Mammal","Rodentia",95,0.5,"Herbivore","Eutherian",0.005263158,190,"2437418"
"216","Funisciurus pyrropus",713,1,1,"Mammal","Rodentia",244,1.011111111,"Herbivore","Eutherian",0.004143898,241.3186813,"2437411"
"217","Galago demidoff",566,1,9,"Mammal","Primate",68,0.35,"Omnivore","Eutherian",0.005147059,194.2857143,"4267292"
"218","Galago moholi",305,1,9,"Mammal","Primate",170,0.285,"Omnivore","Eutherian",0.001676471,596.4912281,"2436522"
"219","Galago senegalensis",569,1,9,"Mammal","Primate",171.5,0.764,"Omnivore","Eutherian",0.00445481,224.4764398,"9198359"
"220","Galagoides demidoff",570,1,9,"Mammal","Primate",62.4,0.372,"Omnivore","Eutherian",0.005961538,167.7419355,"2436517"
"221","Galea musteloides",306,1,1,"Mammal","Rodentia",322,1.472222222,"Herbivore","Eutherian",0.004572119,218.7169812,"5219699"
"222","Galerella sanguinea",307,1,2,"Mammal","Carnivora",500,2.119444444,"Carnivore","Eutherian",0.004238889,235.9108782,"5219098"
"223","Gazella subgutturosa",35,1,1,"Mammal","Artiodactyla",17100,25.65833333,"Herbivore","Eutherian",0.001500487,666.4501462,"5220146"
"224","Genetta tigrina",315,1,2,"Mammal","Carnivora",1699,4.189,"Carnivore","Eutherian",0.002465568,405.5860587,"5219356"
"225","Geocapromys brownii",318,1,1,"Mammal","Rodentia",2456,4.11,"Herbivore","Eutherian",0.001673453,597.56691,"2437650"
"226","Geocapromys ingrahami",319,1,1,"Mammal","Rodentia",775,1.469444444,"Herbivore","Eutherian",0.001896057,527.4102081,"2437651"
"227","Geogale aurita",3211,1,2,"Mammal","Afrosoricida",6.9,0.043,"Carnivore","Eutherian",0.006231884,160.4651163,"2432151"
"228","Geomys bursarius",323,1,1,"Mammal","Rodentia",197,0.769,"Herbivore","Eutherian",0.003903553,256.1768531,"2439378"
"229","Geomys pinetis",722,1,1,"Mammal","Rodentia",200,0.791666667,"Herbivore","Eutherian",0.003958333,252.6315788,"2439377"
"230","Georychus capensis",324,1,1,"Mammal","Rodentia",191,0.627777778,"Herbivore","Eutherian",0.003286795,304.2477875,"5219653"
"231","Gerbilliscus afra",325,1,1,"Mammal","Rodentia",106.5,1.016,"Herbivore","Eutherian",0.009539906,104.8228346,"4264940"
"232","Gerbilliscus leucogaster",727,1,1,"Mammal","Rodentia",157.6,0.738888889,"Herbivore","Eutherian",0.004688381,213.2932331,"4264948"
"233","Gerbillurus paeba",728,1,1,"Mammal","Rodentia",33.9,0.194444444,"Herbivore","Eutherian",0.005735824,174.3428575,"2438751"
"234","Gerbillurus setzeri",729,1,1,"Mammal","Rodentia",46.1,0.205555556,"Herbivore","Eutherian",0.004458906,224.2702698,"2438753"
"235","Gerbillurus tytonis",730,1,1,"Mammal","Rodentia",29.9,0.177777778,"Herbivore","Eutherian",0.005945745,168.1874998,"2438752"
"236","Gerbillurus vallinus",731,1,1,"Mammal","Rodentia",38.8,0.194444444,"Herbivore","Eutherian",0.005011455,199.5428576,"2438750"
"237","Gerbillus andersoni",732,1,1,"Mammal","Rodentia",35.3,0.216666667,"Herbivore","Eutherian",0.006137866,162.9230767,"2437786"
"238","Gerbillus gerbillus",326,1,1,"Mammal","Rodentia",29.7,0.236111111,"Herbivore","Eutherian",0.007949869,125.7882354,"2437787"
"239","Gerbillus nanus",327,1,1,"Mammal","Rodentia",28.4,0.125,"Herbivore","Eutherian",0.004401408,227.2,"2437788"
"240","Gerbillus perpallidus",328,1,1,"Mammal","Rodentia",56.3,0.261,"Herbivore","Eutherian",0.004635879,215.7088123,"2437809"
"241","Gerbillus pusillus",739,1,1,"Mammal","Rodentia",12.6,0.075,"Herbivore","Eutherian",0.005952381,168,"2437822"
"242","Gerbillus pyramidum",329,1,1,"Mammal","Rodentia",53,0.294444444,"Herbivore","Eutherian",0.005555556,180.0000003,"2437811"
"243","Glaucomys sabrinus",NA,NA,NA,"Mammal","Rodentia",102.03,0.62,"","",0.006076644,164.5645161,"2437331"
"244","Glaucomys volans",332,1,9,"Mammal","Rodentia",61.5,0.361111111,"Omnivore","Eutherian",0.005871725,170.3076924,"2437338"
"245","Glis glis",744,1,1,"Mammal","Rodentia",174.4,0.664,"Herbivore","Eutherian",0.003807339,262.6506024,"5706486"
"246","Glossophaga longirostris",213,1,2,"Mammal","Chiroptera",13.5,0.147222222,"Carnivore","Eutherian",0.01090535,91.69811335,"2433192"
"247","Glossophaga soricina",334,1,2,"Mammal","Chiroptera",9.6,0.119444444,"Carnivore","Eutherian",0.01244213,80.37209332,"2433194"
"248","Golunda ellioti",745,1,9,"Mammal","Rodentia",56.2,0.338888889,"Omnivore","Eutherian",0.006030051,165.8360655,"2438299"
"249","Gracilinanus microtarsus",349,1,9,"Mammal","Didelphimorphia",13,0.105555556,"Omnivore","Marsupial",0.008119658,123.1578942,"2439856"
"250","Graomys griseoflavus",746,1,9,"Mammal","Rodentia",69.4,0.469444444,"Omnivore","Eutherian",0.006764329,147.8343197,"2438231"
"251","Graphiurus murinus",747,1,9,"Mammal","Rodentia",38.4,0.225,"Omnivore","Eutherian",0.005859375,170.6666667,"5219911"
"252","Graphiurus ocularis",748,1,9,"Mammal","Rodentia",67.8,0.369444444,"Omnivore","Eutherian",0.005449033,183.5187972,"5219907"
"253","Gulo gulo",345,1,2,"Mammal","Carnivora",12700,31.765,"Carnivore","Eutherian",0.002501181,399.8111129,"5219073"
"254","Gymnobelideus leadbeateri",346,1,1,"Mammal","Diprotodontia",166,0.574,"Herbivore","Marsupial",0.003457831,289.1986063,"2440054"
"255","Heliophobius argenteocinereus",34910,1,1,"Mammal","Rodentia",88,0.416666667,"Herbivore","Eutherian",0.004734848,211.1999998,"2437220"
"256","Heliosciurus rufobrachium",350,1,9,"Mammal","Rodentia",230,0.744,"Omnivore","Eutherian",0.003234783,309.1397849,"2437540"
"257","Hemicentetes nigriceps",7,1,2,"Mammal","Afrosoricida",101.9,0.405555556,"Carnivore","Eutherian",0.003979937,251.2602737,"2432142"
"258","Hemicentetes semispinosus",351,1,2,"Mammal","Afrosoricida",133,0.358333333,"Carnivore","Eutherian",0.002694236,371.162791,"2432143"
"259","Hemiechinus auritus",352,1,9,"Mammal","Erinaceomorpha",398.5,0.845,"Omnivore","Eutherian",0.002120452,471.5976331,"2437125"
"260","Herpestes javanicus",358,1,2,"Mammal","Carnivora",611,2.248,"Carnivore","Eutherian",0.003679214,271.797153,"2434271"
"261","Heterocephalus glaber",359,1,1,"Mammal","Rodentia",35.3,0.128,"Herbivore","Eutherian",0.003626062,275.78125,"5219654"
"262","Heterohyrax brucei",360,1,1,"Mammal","Hyracoidea",1604.4,3.872,"Herbivore","Eutherian",0.002413363,414.3595041,"2437073"
"263","Heteromys anomalus",755,1,1,"Mammal","Rodentia",69.3,0.561111111,"Herbivore","Eutherian",0.008096841,123.5049505,"2439570"
"264","Heteromys desmarestianus",756,1,1,"Mammal","Rodentia",75.8,0.552777778,"Herbivore","Eutherian",0.007292583,137.1256281,"2439574"
"265","Heteromys irroratus",757,1,1,"Mammal","Rodentia",48.1,0.3,"Herbivore","Eutherian",0.006237006,160.3333333,"9259279"
"266","Heteromys salvini",758,1,1,"Mammal","Rodentia",43.8,0.261111111,"Herbivore","Eutherian",0.005961441,167.7446809,"9567667"
"267","Hipposideros cervinus",216,1,2,"Mammal","Chiroptera",8.3,0.05,"Carnivore","Eutherian",0.006024096,166,"5218596"
"268","Hipposideros diadema",217,1,2,"Mammal","Chiroptera",37.2,0.183333333,"Carnivore","Eutherian",0.004928315,202.9090913,"5218566"
"269","Hipposideros galeritus",218,1,2,"Mammal","Chiroptera",8.5,0.052777778,"Carnivore","Eutherian",0.00620915,161.0526309,"5218606"
"270","Hipposideros maggietaylorae",219,1,2,"Mammal","Chiroptera",18.2,0.116666667,"Carnivore","Eutherian",0.006410256,155.9999996,"5218558"
"271","Histiotus velatus",220,1,2,"Mammal","Chiroptera",11.2,0.055555556,"Carnivore","Eutherian",0.004960318,201.5999984,"2432301"
"272","Histriophoca fasciata",93,1,2,"Mammal","Carnivora",54000,118.59,"Carnivore","Eutherian",0.002196111,455.3503668,"2434810"
"273","Homo sapiens",367,1,9,"Mammal","Primate",60500,70.86666667,"Omnivore","Eutherian",0.00117135,853.7158984,"2436436"
"274","Hyaena hyaena",368,1,2,"Mammal","Carnivora",34300,31.95,"Carnivore","Eutherian",0.000931487,1073.552426,"5218777"
"275","Hydrochoerus hydrochaeris",369,1,1,"Mammal","Rodentia",26385,36.754,"Herbivore","Eutherian",0.001392988,717.881047,"5786666"
"276","Hydromys chrysogaster",370,1,2,"Mammal","Rodentia",750,2.455555556,"Carnivore","Eutherian",0.003274074,305.4298642,"2438706"
"277","Hylomys suillus",421,1,9,"Mammal","Erinaceomorpha",77.3,0.447222222,"Omnivore","Eutherian",0.00578554,172.8447206,"2437169"
"278","Hystrix africaeaustralis",377,1,1,"Mammal","Rodentia",10700,11.33888889,"Herbivore","Eutherian",0.001059709,943.655071,"5219885"
"279","Ictidomys tridecemlineatus",765,1,9,"Mammal","Rodentia",198.4,0.983,"Omnivore","Eutherian",0.004954637,201.8311292,"7994322"
"280","Ictidomys tridecemlineatus",980,1,9,"Mammal","Rodentia",182.3,0.577777778,"Omnivore","Eutherian",0.003169379,315.5192306,"7994322"
"281","Isoodon auratus",382,1,9,"Mammal","Peramelemorphia",428,0.836111111,"Omnivore","Marsupial",0.001953531,511.8936878,"2435307"
"282","Isoodon macrourus",383,1,9,"Mammal","Peramelemorphia",1551,3.202,"Omnivore","Marsupial",0.002064475,484.3847595,"2435304"
"283","Isoodon obesulus",384,1,9,"Mammal","Peramelemorphia",717,1.238,"Omnivore","Marsupial",0.001726639,579.1599354,"2435311"
"284","Isthmomys pirrensis",766,1,9,"Mammal","Rodentia",137.9,0.677777778,"Omnivore","Eutherian",0.004914995,203.4590163,"2438967"
"285","Jaculus jaculus",387,1,9,"Mammal","Rodentia",74.5,0.513888889,"Omnivore","Eutherian",0.006897837,144.9729729,"5219895"
"286","Jaculus orientalis",388,1,9,"Mammal","Rodentia",139,0.775,"Omnivore","Eutherian",0.00557554,179.3548387,"5219894"
"287","Jaculus orientalis",389,1,9,"Mammal","Rodentia",139.1,0.775,"Omnivore","Eutherian",0.005571531,179.483871,"5219894"
"288","Kerodon rupestris",392,1,1,"Mammal","Rodentia",801,2.011,"Herbivore","Eutherian",0.002510612,398.3092989,"2437616"
"289","Kobus ellipsiprymnus",394,1,1,"Mammal","Artiodactyla",1e+05,148.9277778,"Herbivore","Eutherian",0.001489278,671.4664079,"5220160"
"290","Lagidium viscacia",773,1,1,"Mammal","Rodentia",2056,3.9,"Herbivore","Eutherian",0.001896887,527.1794872,"2439834"
"291","Lagorchestes conspicillatus",399,1,1,"Mammal","Diprotodontia",2660,4.747222222,"Herbivore","Marsupial",0.00178467,560.327677,"2440156"
"292","Lagostomus maximus",400,1,1,"Mammal","Rodentia",6784,10.59444444,"Herbivore","Eutherian",0.001561681,640.3356059,"5219945"
"293","Lama glama",38,1,1,"Mammal","Artiodactyla",115000,148.94,"Herbivore","Eutherian",0.00129513,772.1230026,"5220190"
"294","Lasiopodomys brandtii",405,1,1,"Mammal","Rodentia",40.2,0.428,"Herbivore","Eutherian",0.010646766,93.92523364,"2438403"
"295","Lasiorhinus latifrons",406,1,1,"Mammal","Diprotodontia",25000,13.94444444,"Herbivore","Marsupial",0.000557778,1792.828686,"5219996"
"296","Lasiurus borealis",221,1,2,"Mammal","Chiroptera",12.2,0.097222222,"Carnivore","Eutherian",0.007969035,125.4857146,"5218543"
"297","Lasiurus intermedius",223,1,2,"Mammal","Chiroptera",22.6,0.102777778,"Carnivore","Eutherian",0.004547689,219.8918914,"5218549"
"298","Lasiurus seminolus",224,1,2,"Mammal","Chiroptera",9.8,0.075,"Carnivore","Eutherian",0.007653061,130.6666667,"5218539"
"299","Lemmiscus curtatus",778,1,1,"Mammal","Rodentia",30.3,0.280555556,"Herbivore","Eutherian",0.009259259,107.9999998,"2438225"
"300","Lemmus lemmus",779,1,1,"Mammal","Rodentia",80,1.071,"Herbivore","Eutherian",0.0133875,74.69654528,"5219840"
"301","Lemmus trimucronatus",780,1,1,"Mammal","Rodentia",44,0.391666667,"Herbivore","Eutherian",0.008901515,112.3404254,"5219836"
"302","Lemniscomys griselda",781,1,1,"Mammal","Rodentia",47.5,0.319444444,"Herbivore","Eutherian",0.006725146,148.6956524,"2438200"
"303","Leontopithecus rosalia",573,1,9,"Mammal","Primate",733,2.125,"Omnivore","Eutherian",0.002899045,344.9411765,"2436482"
"304","Leopardus pardalis",411,1,2,"Mammal","Carnivora",10500,17.368,"Carnivore","Eutherian",0.001654095,604.5601105,"2434982"
"305","Leopardus wiedii",412,1,2,"Mammal","Carnivora",3600,5.222222222,"Carnivore","Eutherian",0.001450617,689.3617022,"2434950"
"306","Leptailurus serval",413,1,2,"Mammal","Carnivora",1012,1.44,"Carnivore","Eutherian",0.001422925,702.7777778,"2435172"
"307","Leptonychotes weddellii",102,1,2,"Mammal","Carnivora",388500,416.0583333,"Carnivore","Eutherian",0.001070935,933.7632945,"2434784"
"308","Leptonycteris curasoae",225,1,2,"Mammal","Chiroptera",24,0.188888889,"Carnivore","Eutherian",0.00787037,127.0588235,"2433316"
"309","Lepus alleni",481,1,1,"Mammal","Lagomorpha",3362,8.458333333,"Herbivore","Eutherian",0.002515864,397.4778325,"2436708"
"310","Lepus americanus",415,1,1,"Mammal","Lagomorpha",1577,6.686111111,"Herbivore","Eutherian",0.004239766,235.862069,"2436794"
"311","Lepus arcticus",484,1,1,"Mammal","Lagomorpha",3004,6.033333333,"Herbivore","Eutherian",0.002008433,497.9005525,"2436696"
"312","Lepus californicus",416,1,1,"Mammal","Lagomorpha",1989,6.236111111,"Herbivore","Eutherian",0.0031353,318.9487751,"2436801"
"313","Lepus timidus",417,1,1,"Mammal","Lagomorpha",3014.5,8.443,"Herbivore","Eutherian",0.002800796,357.041336,"2436756"
"314","Lepus townsendii",418,1,1,"Mammal","Lagomorpha",2430,7.047222222,"Herbivore","Eutherian",0.002900091,344.8167127,"2436705"
"315","Limnogale mergulus",10,1,2,"Mammal","Afrosoricida",77.7,0.402777778,"Carnivore","Eutherian",0.005183755,192.9103447,"2432145"
"316","Loris tardigradus",427,1,2,"Mammal","Primate",263,0.661111111,"Carnivore","Eutherian",0.00251373,397.8151261,"2436626"
"317","Loxodontomys micropus",782,1,9,"Mammal","Rodentia",62.3,0.544444444,"Omnivore","Eutherian",0.008739076,114.4285715,"4265178"
"318","Lutra lutra",433,1,2,"Mammal","Carnivora",10000,25.1,"Carnivore","Eutherian",0.00251,398.4063745,"2433753"
"319","Lutreolina crassicaudata",43410,1,9,"Mammal","Didelphimorphia",812,2.263888889,"Omnivore","Marsupial",0.002788041,358.6748466,"2439988"
"320","Lycalopex culpaeus",105,1,2,"Mammal","Carnivora",5418,11.36388889,"Carnivore","Eutherian",0.002097432,476.773405,"2434340"
"321","Lycaon pictus",106,1,2,"Mammal","Carnivora",8750,33.01,"Carnivore","Eutherian",0.003772571,265.0711905,"5219317"
"322","Lynx rufus",437,1,2,"Mammal","Carnivora",9400,23.446,"Carnivore","Eutherian",0.002494255,400.9212659,"2435246"
"323","Macaca mulatta",576,1,9,"Mammal","Primate",6230,12.16111111,"Omnivore","Eutherian",0.001952024,512.2887164,"2436604"
"324","Macroderma gigas",438,1,2,"Mammal","Chiroptera",107.2,0.525,"Carnivore","Eutherian",0.004897388,204.1904762,"5218772"
"325","Macroglossus minimus",228,1,2,"Mammal","Chiroptera",16.4,0.080555556,"Carnivore","Eutherian",0.004911924,203.5862058,"5218625"
"326","Macropus eugenii",439,1,1,"Mammal","Diprotodontia",4796,7.758333333,"Herbivore","Marsupial",0.001617668,618.1740065,"5219989"
"327","Macropus robustus",440,1,1,"Mammal","Diprotodontia",29300,31.05277778,"Herbivore","Marsupial",0.001059822,943.5548796,"5219970"
"328","Macropus rufus",4411,1,1,"Mammal","Diprotodontia",28500,31.353,"Herbivore","Marsupial",0.001100105,909.0039231,"5219963"
"329","Macroscelides proboscideus",442,1,2,"Mammal","Macroscelidea",38.8,0.288888889,"Carnivore","Eutherian",0.00744559,134.3076923,"2440869"
"330","Macrotis lagotis",443,1,9,"Mammal","Peramelemorphia",1011,1.975,"Omnivore","Marsupial",0.001953511,511.8987342,"5219460"
"331","Macrotus californicus",444,1,2,"Mammal","Chiroptera",11.7,0.080555556,"Carnivore","Eutherian",0.00688509,145.2413785,"2433296"
"332","Madoqua kirkii",445,1,1,"Mammal","Artiodactyla",4600,10.77777778,"Herbivore","Eutherian",0.002342995,426.8041236,"2441001"
"333","Malacothrix typica",783,1,9,"Mammal","Rodentia",21.7,0.113888889,"Omnivore","Eutherian",0.005248336,190.5365852,"5219707"
"334","Manis crassicaudata",4461,1,2,"Mammal","Pholidota",15910,6.388888889,"Carnivore","Eutherian",0.000401564,2490.26087,"5219633"
"335","Manis javanica",539,1,2,"Mammal","Pholidota",4220,6.119444444,"Carnivore","Eutherian",0.001450105,689.605084,"5219628"
"336","Manis pentadactyla",4471,1,2,"Mammal","Pholidota",3637.5,3.727,"Carnivore","Eutherian",0.001024605,975.9860478,"5219638"
"337","Manis tetradactyla",542,1,2,"Mammal","Pholidota",1430,1.275,"Carnivore","Eutherian",0.000891608,1121.568627,"5219649"
"338","Manis tricuspis",543,1,2,"Mammal","Pholidota",2730,5.025,"Carnivore","Eutherian",0.001840659,543.2835821,"5219635"
"339","Marmosa robinsoni",448,1,9,"Mammal","Didelphimorphia",122,0.544444444,"Omnivore","Marsupial",0.004462659,224.0816328,"2439862"
"340","Marmota flaviventris",449,1,1,"Mammal","Rodentia",4294,8.625,"Herbivore","Eutherian",0.002008617,497.8550725,"2437369"
"341","Marmota monax",4501,1,1,"Mammal","Rodentia",2650,3.694444444,"Herbivore","Eutherian",0.00139413,717.2932332,"2437368"
"342","Martes americana",452,1,2,"Mammal","Carnivora",966.5,3.579,"Carnivore","Eutherian",0.003703052,270.0474993,"5218864"
"343","Martes martes",453,1,2,"Mammal","Carnivora",920,4,"Carnivore","Eutherian",0.004347826,230,"5218878"
"344","Mastomys natalensis",788,1,1,"Mammal","Rodentia",41.5,0.183333333,"Herbivore","Eutherian",0.004417671,226.3636368,"2438911"
"345","Megadontomys thomasi",789,1,1,"Mammal","Rodentia",110.8,0.691666667,"Herbivore","Eutherian",0.006242479,160.192771,"2438695"
"346","Meles meles",457,1,2,"Mammal","Carnivora",11050,16.64166667,"Carnivore","Eutherian",0.001506033,663.9959939,"2433875"
"347","Melonycteris melanops",231,1,2,"Mammal","Chiroptera",53.3,0.241666667,"Carnivore","Eutherian",0.004534084,220.5517238,"2432797"
"348","Melursus ursinus",461,1,2,"Mammal","Carnivora",66960,47.05833333,"Carnivore","Eutherian",0.000702783,1422.914822,"2433395"
"349","Mephitis mephitis",117,1,2,"Mammal","Carnivora",5667,8.408333333,"Carnivore","Eutherian",0.001483736,673.9742319,"5219380"
"350","Meriones hurrianae",790,1,1,"Mammal","Rodentia",72.3,0.297222222,"Herbivore","Eutherian",0.004110957,243.2523366,"5219718"
"351","Meriones tristrami",791,1,1,"Mammal","Rodentia",112,0.55,"Herbivore","Eutherian",0.004910714,203.6363636,"5219715"
"352","Meriones unguiculatus",463,1,1,"Mammal","Rodentia",66.9,0.430555556,"Herbivore","Eutherian",0.006435808,155.380645,"5219721"
"353","Mesocricetus auratus",465,1,9,"Mammal","Rodentia",119.3,0.572222222,"Omnivore","Eutherian",0.004796498,208.485437,"2438482"
"354","Metachirus nudicaudatus",4681,1,9,"Mammal","Didelphimorphia",336,1.144,"Omnivore","Marsupial",0.003404762,293.7062937,"9686324"
"355","Micaelamys namaquensis",472,1,9,"Mammal","Rodentia",66.3,0.291666667,"Omnivore","Eutherian",0.004399196,227.3142855,"4264922"
"356","Microcavia niata",798,1,1,"Mammal","Rodentia",255,0.980555556,"Herbivore","Eutherian",0.003845316,260.0566571,"2437627"
"357","Microdipodops megacephalus",473,1,1,"Mammal","Rodentia",11,0.168,"Herbivore","Eutherian",0.015272727,65.47619048,"2439502"
"358","Microdipodops pallidus",801,1,1,"Mammal","Rodentia",15.2,0.111111111,"Herbivore","Eutherian",0.007309942,136.8000001,"2439501"
"359","Microgale cowani",11,1,2,"Mammal","Afrosoricida",10.3,0.15,"Carnivore","Eutherian",0.014563107,68.66666667,"2432121"
"360","Microgale dobsoni",474,1,2,"Mammal","Afrosoricida",44.6,0.233333333,"Carnivore","Eutherian",0.005231689,191.1428574,"2432129"
"361","Microgale drouhardi",14,1,2,"Mammal","Afrosoricida",11.9,0.158333333,"Carnivore","Eutherian",0.013305322,75.1578949,"2432133"
"362","Microgale talazaci",47510,1,2,"Mammal","Afrosoricida",44,0.241666667,"Carnivore","Eutherian",0.005492424,182.0689653,"2432132"
"363","Micromys minutus",476,1,9,"Mammal","Rodentia",7.4,0.119444444,"Omnivore","Eutherian",0.016141141,61.9534886,"5219833"
"364","Microtus agrestis",477,1,1,"Mammal","Rodentia",28,0.355555556,"Herbivore","Eutherian",0.012698413,78.7499999,"2438616"
"365","Microtus arvalis",478,1,1,"Mammal","Rodentia",24,0.336111111,"Herbivore","Eutherian",0.01400463,71.4049587,"2438606"
"366","Microtus breweri",808,1,1,"Mammal","Rodentia",53.1,0.411111111,"Herbivore","Eutherian",0.007742205,129.1621622,"2438615"
"367","Microtus cabrerae",809,1,1,"Mammal","Rodentia",43,0.272222222,"Herbivore","Eutherian",0.006330749,157.9591838,"2438668"
"368","Microtus californicus",810,1,1,"Mammal","Rodentia",44,0.380555556,"Herbivore","Eutherian",0.00864899,115.6204378,"2438603"
"369","Microtus guentheri",479,1,1,"Mammal","Rodentia",43.8,0.447,"Herbivore","Eutherian",0.010205479,97.98657718,"2438628"
"370","Microtus longicaudus",4801,1,1,"Mammal","Rodentia",30.2,0.347222222,"Herbivore","Eutherian",0.011497425,86.97600006,"2438621"
"371","Microtus mexicanus",815,1,1,"Mammal","Rodentia",28.8,0.261111111,"Herbivore","Eutherian",0.009066358,110.2978724,"2438651"
"372","Microtus montanus",816,1,1,"Mammal","Rodentia",51.2,0.5,"Herbivore","Eutherian",0.009765625,102.4,"2438609"
"373","Microtus ochrogaster",4811,1,1,"Mammal","Rodentia",48.2,0.41,"Herbivore","Eutherian",0.008506224,117.5609756,"2438671"
"374","Microtus oeconomus",482,1,1,"Mammal","Rodentia",35.4,0.561111111,"Herbivore","Eutherian",0.015850596,63.08910892,"2438635"
"375","Microtus pennsylvanicus",483,1,1,"Mammal","Rodentia",38.9,0.419444444,"Herbivore","Eutherian",0.010782634,92.74172195,"2438655"
"376","Microtus pinetorum",4841,1,1,"Mammal","Rodentia",24.8,0.305,"Herbivore","Eutherian",0.012298387,81.31147541,"2438638"
"377","Microtus richardsoni",485,1,1,"Mammal","Rodentia",64.5,0.701,"Herbivore","Eutherian",0.010868217,92.01141227,"2438626"
"378","Microtus subterraneus",486,1,1,"Mammal","Rodentia",17.8,0.275,"Herbivore","Eutherian",0.015449438,64.72727273,"2438660"
"379","Microtus townsendii",829,1,1,"Mammal","Rodentia",52.2,0.502777778,"Herbivore","Eutherian",0.009631758,103.8232044,"2438612"
"380","Microtus xanthognathus",830,1,1,"Mammal","Rodentia",68.5,0.55,"Herbivore","Eutherian",0.008029197,124.5454545,"2438664"
"381","Millardia meltada",831,1,1,"Mammal","Rodentia",67.4,0.327777778,"Herbivore","Eutherian",0.004863172,205.6271185,"5219777"
"382","Miniopterus schreibersii",487,1,2,"Mammal","Chiroptera",10.9,0.144444444,"Carnivore","Eutherian",0.013251784,75.46153869,"9796816"
"383","Molossus molossus",234,1,2,"Mammal","Chiroptera",15.6,0.097222222,"Carnivore","Eutherian",0.006232194,160.4571432,"5218725"
"384","Monodelphis brevicaudata",490,1,9,"Mammal","Didelphimorphia",91.5,0.366,"Omnivore","Marsupial",0.004,250,"2439971"
"385","Monodelphis domestica",4911,1,9,"Mammal","Didelphimorphia",104,0.335,"Omnivore","Marsupial",0.003221154,310.4477612,"2439965"
"386","Monophyllus redmani",235,1,2,"Mammal","Chiroptera",8.7,0.061111111,"Carnivore","Eutherian",0.007024266,142.3636366,"2433240"
"387","Mormoops blainvillei",236,1,2,"Mammal","Chiroptera",8.6,0.044444444,"Carnivore","Eutherian",0.005167959,193.5000019,"4265453"
"388","Mormoops megalophylla",237,1,2,"Mammal","Chiroptera",16.5,0.136111111,"Carnivore","Eutherian",0.008249158,121.2244899,"2432759"
"389","Mus minutoides",494,1,9,"Mammal","Rodentia",8.3,0.122222222,"Omnivore","Eutherian",0.014725569,67.90909103,"2438796"
"390","Mus musculus",834,1,9,"Mammal","Rodentia",18,0.271,"Omnivore","Eutherian",0.015055556,66.42066421,"7429082"
"391","Mus spretus",835,1,9,"Mammal","Rodentia",21.8,0.344444444,"Omnivore","Eutherian",0.015800204,63.29032266,"2438793"
"392","Muscardinus avellanarius",836,1,9,"Mammal","Rodentia",23.5,0.351,"Omnivore","Eutherian",0.01493617,66.95156695,"2439658"
"393","Mustela erminea",496,1,2,"Mammal","Carnivora",125.5,1.276,"Carnivore","Eutherian",0.010167331,98.35423197,"5219019"
"394","Mustela frenata",497,1,2,"Mammal","Carnivora",225,1.344,"Carnivore","Eutherian",0.005973333,167.4107143,"5218919"
"395","Mustela nivalis",122,1,2,"Mammal","Carnivora",77,0.983333333,"Carnivore","Eutherian",0.012770563,78.30508477,"5218987"
"396","Mustela putorius",123,1,2,"Mammal","Carnivora",1575,7.027777778,"Carnivore","Eutherian",0.004462081,224.1106719,"5218911"
"397","Mustela vison",530,1,2,"Mammal","Carnivora",662,2.711111111,"Carnivore","Eutherian",0.004095334,244.1803279,"5218823"
"398","Myocastor coypus",837,1,1,"Mammal","Rodentia",4325,16.88611111,"Herbivore","Eutherian",0.003904303,256.1276526,"4264680"
"399","Myodes californicus",838,1,1,"Mammal","Rodentia",18.3,0.341666667,"Herbivore","Eutherian",0.01867031,53.56097556,"5706763"
"400","Myodes gapperi",839,1,1,"Mammal","Rodentia",22.8,0.247222222,"Herbivore","Eutherian",0.01084308,92.22471918,"5706760"
"401","Myodes glareolus",501,1,1,"Mammal","Rodentia",21.5,0.312,"Herbivore","Eutherian",0.014511628,68.91025641,"5706764"
"402","Myodes rufocanus",502,1,1,"Mammal","Rodentia",27.2,0.321,"Herbivore","Eutherian",0.011801471,84.73520249,"5706769"
"403","Myodes rutilus",844,1,1,"Mammal","Rodentia",28,0.430555556,"Herbivore","Eutherian",0.015376984,65.032258,"5706762"
"404","Myoprocta acouchy",503,1,1,"Mammal","Rodentia",914,2.802777778,"Herbivore","Eutherian",0.003066496,326.1050545,"2437590"
"405","Myopus schisticolor",5041,1,1,"Mammal","Rodentia",26.4,0.522,"Herbivore","Eutherian",0.019772727,50.57471264,"2439358"
"406","Myosorex varius",446,1,2,"Mammal","Eulipotyphla",12.3,0.133333333,"Carnivore","Eutherian",0.010840108,92.25000023,"2435929"
"407","Myotis chiloensis",238,1,2,"Mammal","Chiroptera",5.8,0.055555556,"Carnivore","Eutherian",0.009578544,104.3999992,"2432419"
"408","Myotis daubentonii",NA,NA,NA,"Mammal","Chiroptera",7.875,0.04083,"","",0.005184762,192.8728876,"2432439"
"409","Myotis lucifugus",239,1,2,"Mammal","Chiroptera",5.8,0.051,"Carnivore","Eutherian",0.008793103,113.7254902,"2432406"
"410","Myotis myotis",NA,NA,NA,"Mammal","Chiroptera",25,0.1389,"","",0.005556,179.9856012,"2432416"
"411","Myotis nattereri",NA,NA,NA,"Mammal","Chiroptera",7.6,0.04833,"","",0.006359211,157.2522243,"2432389"
"412","Myotis nigricans",240,1,2,"Mammal","Chiroptera",3.7,0.027,"Carnivore","Eutherian",0.007297297,137.037037,"2432448"
"413","Myotis velifer",241,1,2,"Mammal","Chiroptera",11.9,0.04,"Carnivore","Eutherian",0.003361345,297.5,"2432386"
"414","Myotis vivesi",505,1,2,"Mammal","Chiroptera",25,0.199,"Carnivore","Eutherian",0.00796,125.6281407,"2432394"
"415","Myotis yumanensis",244,1,2,"Mammal","Chiroptera",5,0.047,"Carnivore","Eutherian",0.0094,106.3829787,"2432461"
"416","Myotomys sloggetti",849,1,1,"Mammal","Rodentia",113.3,0.747222222,"Herbivore","Eutherian",0.006595077,151.6282528,"4264857"
"417","Myotomys unisulcatus",850,1,1,"Mammal","Rodentia",96,0.594444444,"Herbivore","Eutherian",0.00619213,161.4953272,"4264856"
"418","Myrmecobius fasciatus",506,1,2,"Mammal","Dasyuromorphia",438.2,0.907,"Carnivore","Marsupial",0.002069831,483.1312018,"5219465"
"419","Myrmecophaga tridactyla",507,1,9,"Mammal","Xenarthra",30600,14.50833333,"Omnivore","Eutherian",0.000474129,2109.132683,"2436346"
"420","Mystromys albicaudatus",508,1,9,"Mammal","Rodentia",93.8,0.705555556,"Omnivore","Eutherian",0.007521914,132.9448818,"2438522"
"421","Nandinia binotata",509,1,9,"Mammal","Carnivora",4270,4.811111111,"Omnivore","Eutherian",0.001126724,887.5288684,"2433489"
"422","Napaeozapus insignis",514,1,9,"Mammal","Rodentia",21.6,0.216666667,"Omnivore","Eutherian",0.010030864,99.69230754,"2439461"
"423","Nasua narica",515,1,2,"Mammal","Carnivora",3670,6.733,"Carnivore","Eutherian",0.001834605,545.0764889,"2433531"
"424","Nasua nasua",516,1,9,"Mammal","Carnivora",4000,5.577777778,"Omnivore","Eutherian",0.001394444,717.1314741,"2433536"
"425","Natalus tumidirostris",245,1,2,"Mammal","Chiroptera",5.4,0.047222222,"Carnivore","Eutherian",0.008744856,114.3529417,"2432753"
"426","Neofiber alleni",855,1,1,"Mammal","Rodentia",258.1,1.208333333,"Herbivore","Eutherian",0.004681648,213.6000001,"2438050"
"427","Neomys anomalus",447,1,2,"Mammal","Eulipotyphla",13.1,0.373,"Carnivore","Eutherian",0.028473282,35.12064343,"7825895"
"428","Neomys fodiens",524,1,2,"Mammal","Eulipotyphla",13.5,0.219444444,"Carnivore","Eutherian",0.016255144,61.51898747,"2435767"
"429","Neotamias amoenus",NA,NA,NA,"Mammal","Rodentia",57.1,0.53,"","",0.009281961,107.7358491,"4972377"
"430","Neotoma albigula",527,1,1,"Mammal","Rodentia",177.6,0.735,"Herbivore","Eutherian",0.004138514,241.6326531,"2438454"
"431","Neotoma cinerea",528,1,1,"Mammal","Rodentia",256.5,1.152,"Herbivore","Eutherian",0.004491228,222.65625,"2438437"
"432","Neotoma fuscipes",860,1,1,"Mammal","Rodentia",186.7,0.822222222,"Herbivore","Eutherian",0.004403975,227.0675676,"2438455"
"433","Neotoma lepida",529,1,1,"Mammal","Rodentia",112.5,0.46,"Herbivore","Eutherian",0.004088889,244.5652174,"2438438"
"434","Neurotrichus gibbsii",450,1,2,"Mammal","Eulipotyphla",11.8,0.258333333,"Carnivore","Eutherian",0.021892655,45.67741941,"2436208"
"435","Ningaui yvonnae",321,1,2,"Mammal","Dasyuromorphia",11.6,0.088888889,"Carnivore","Marsupial",0.007662835,130.4999998,"2435427"
"436","Noctilio albiventris",246,1,2,"Mammal","Chiroptera",27,0.133333333,"Carnivore","Eutherian",0.004938272,202.5000005,"2433344"
"437","Noctilio leporinus",534,1,2,"Mammal","Chiroptera",61,0.261111111,"Carnivore","Eutherian",0.00428051,233.6170214,"2433343"
"438","Notiosorex crawfordi",451,1,2,"Mammal","Eulipotyphla",4,0.072222222,"Carnivore","Eutherian",0.018055556,55.38461556,"2435812"
"439","Notomys alexis",540,1,9,"Mammal","Rodentia",32.3,0.252,"Omnivore","Eutherian",0.007801858,128.1746032,"2438970"
"440","Notomys cervinus",865,1,9,"Mammal","Rodentia",34.2,0.233333333,"Omnivore","Eutherian",0.006822612,146.5714288,"2438974"
"441","Notoryctes caurinus",520,1,9,"Mammal","Notoryctemorphia",34.2,0.119444444,"Omnivore","Marsupial",0.003492528,286.3255825,"2440824"
"442","Nyctereutes procyonoides",132,1,2,"Mammal","Carnivora",7575,16.93055556,"Carnivore","Eutherian",0.002235057,447.4159146,"2434552"
"443","Nycticebus coucang",545,1,9,"Mammal","Primate",1128.6,1.504,"Omnivore","Eutherian",0.001332624,750.3989362,"2436629"
"444","Nycticeius humeralis",249,1,2,"Mammal","Chiroptera",9,0.061111111,"Carnivore","Eutherian",0.006790123,147.2727275,"2432314"
"445","Nyctimene albiventer",250,1,2,"Mammal","Chiroptera",30.9,0.244444444,"Carnivore","Eutherian",0.007910823,126.4090911,"5218631"
"446","Nyctimene cyclotis",251,1,2,"Mammal","Chiroptera",40.4,0.444444444,"Carnivore","Eutherian",0.0110011,90.90000009,"5218637"
"447","Nyctophilus geoffroyi",252,1,2,"Mammal","Chiroptera",8,0.063888889,"Carnivore","Eutherian",0.007986111,125.2173911,"2432519"
"448","Nyctophilus timoriensis",253,1,2,"Mammal","Chiroptera",13.6,0.113888889,"Carnivore","Eutherian",0.008374183,119.414634,"2432521"
"449","Ochotona curzoniae",491,1,1,"Mammal","Lagomorpha",117.5,1.061111111,"Herbivore","Eutherian",0.009030733,110.7329843,"2436963"
"450","Ochotona dauurica",492,1,1,"Mammal","Lagomorpha",127.7,1.388888889,"Herbivore","Eutherian",0.010876186,91.94399999,"2437033"
"451","Ochotona princeps",546,1,1,"Mammal","Lagomorpha",109,0.930555556,"Herbivore","Eutherian",0.008537207,117.1343283,"2436982"
"452","Ochrotomys nuttalli",547,1,1,"Mammal","Rodentia",19.5,0.15,"Herbivore","Eutherian",0.007692308,130,"2438565"
"453","Octodon bridgesi",868,1,1,"Mammal","Rodentia",176.1,1.022222222,"Herbivore","Eutherian",0.005804783,172.2717392,"5219899"
"454","Octodon degus",548,1,1,"Mammal","Rodentia",199.6,0.958,"Herbivore","Eutherian",0.004799599,208.3507307,"5219900"
"455","Octodon lunatus",871,1,1,"Mammal","Rodentia",173.2,0.955555556,"Herbivore","Eutherian",0.005517064,181.2558139,"5219898"
"456","Octodontomys gliroides",54910,1,1,"Mammal","Rodentia",154.1,0.715,"Herbivore","Eutherian",0.004639844,215.5244755,"2439604"
"457","Octomys mimax",874,1,1,"Mammal","Rodentia",118.6,0.641666667,"Herbivore","Eutherian",0.005410343,184.8311687,"5219901"
"458","Odocoileus virginianus",555,1,1,"Mammal","Artiodactyla",67625,94.3,"Herbivore","Eutherian",0.001394455,717.126193,"2440965"
"459","Oligoryzomys longicaudatus",875,1,1,"Mammal","Rodentia",28.2,0.286111111,"Herbivore","Eutherian",0.010145784,98.56310683,"2438272"
"460","Ondatra zibethicus",558,1,1,"Mammal","Rodentia",1004.6,3.586111111,"Herbivore","Eutherian",0.003569691,280.1363284,"5219858"
"461","Onychomys torridus",560,1,9,"Mammal","Rodentia",19.1,0.163888889,"Omnivore","Eutherian",0.00858057,116.5423728,"2438516"
"462","Orcinus orca",178,1,2,"Mammal","Cetacea",3221000,2173.888889,"Carnivore","Eutherian",0.000674911,1481.676463,"2440483"
"463","Oreamnos americanus",5691,1,1,"Mammal","Artiodactyla",32000,46.40833333,"Herbivore","Eutherian",0.00145026,689.5313342,"2441151"
"464","Ornithorhynchus anatinus",571,1,2,"Mammal","Monotremata",1030.3,1.931,"Carnivore","Monotreme",0.001874211,533.5577421,"2433376"
"465","Orycteropus afer",572,1,2,"Mammal","Tubulidentata",48000,34.26944444,"Carnivore","Eutherian",0.000713947,1400.664667,"5218416"
"466","Oryctolagus cuniculus",495,1,1,"Mammal","Lagomorpha",2167.9,7.395,"Herbivore","Eutherian",0.003411135,293.1575389,"2436940"
"467","Oryx leucoryx",45,1,1,"Mammal","Artiodactyla",84100,103.9361111,"Herbivore","Eutherian",0.001235863,809.1509208,"5220164"
"468","Oryzorictes hova",17,1,2,"Mammal","Afrosoricida",44.4,0.247222222,"Carnivore","Eutherian",0.005568068,179.5955058,"2432112"
"469","Otolemur crassicaudatus",5731,1,9,"Mammal","Primate",947,2.291666667,"Omnivore","Eutherian",0.002419923,413.2363636,"8978926"
"470","Otolemur garnettii",581,1,9,"Mammal","Primate",1314,3.927,"Omnivore","Eutherian",0.002988584,334.6065699,"2436511"
"471","Otomys irroratus",574,1,1,"Mammal","Rodentia",102,0.474,"Herbivore","Eutherian",0.004647059,215.1898734,"5219869"
"472","Ovibos moschatus",46,1,1,"Mammal","Artiodactyla",224500,139.1888889,"Herbivore","Eutherian",0.000619995,1612.916101,"2441108"
"473","Ovis canadensis",575,1,1,"Mammal","Artiodactyla",67030.8,114.674,"Herbivore","Eutherian",0.001710766,584.5335473,"2441119"
"474","Oxymycterus roberti",882,1,1,"Mammal","Rodentia",83.5,0.508333333,"Omnivore","Eutherian",0.006087824,164.2622952,"2438943"
"475","Pagophilus groenlandicus",133,1,2,"Mammal","Carnivora",145657,184.425,"Carnivore","Eutherian",0.00126616,789.7898875,"2434801"
"476","Pan troglodytes",582,1,9,"Mammal","Primate",33900,50.675,"Omnivore","Eutherian",0.001494838,668.9689196,"5219534"
"477","Panthera leo",5831,1,2,"Mammal","Carnivora",98000,94.56666667,"Carnivore","Eutherian",0.000964966,1036.305957,"5219404"
"478","Panthera onca",584,1,2,"Mammal","Carnivora",50400,62.40833333,"Carnivore","Eutherian",0.001238261,807.5844572,"5219426"
"479","Panthera tigris",585,1,2,"Mammal","Carnivora",137900,133.8361111,"Carnivore","Eutherian",0.00097053,1030.364667,"5219416"
"480","Papio hamadryas",583,1,1,"Mammal","Primate",12670.8,21.095,"Herbivore","Eutherian",0.001664851,600.6541835,"5219586"
"481","Paradoxurus hermaphroditus",5882,1,2,"Mammal","Carnivora",3160,4.230555556,"Carnivore","Eutherian",0.001338783,746.9468154,"2434708"
"482","Paraechinus aethiopicus",589,1,9,"Mammal","Erinaceomorpha",453,0.627777778,"Omnivore","Eutherian",0.001385823,721.5929201,"2437145"
"483","Paranyctimene raptor",254,1,2,"Mammal","Chiroptera",23.6,0.136111111,"Carnivore","Eutherian",0.00576742,173.3877552,"2432976"
"484","Paraxerus cepapi",600,1,9,"Mammal","Rodentia",223.6,0.811,"Omnivore","Eutherian",0.003627013,275.7090012,"2437354"
"485","Paraxerus palliatus",885,1,9,"Mammal","Rodentia",366.6,1.472222222,"Omnivore","Eutherian",0.004015882,249.0113208,"2437349"
"486","Parotomys brantsii",886,1,1,"Mammal","Rodentia",86.5,0.469444444,"Herbivore","Eutherian",0.005427103,184.2603552,"2438856"
"487","Pecari tajacu",614,1,1,"Mammal","Artiodactyla",20200,32.45,"Herbivore","Eutherian",0.001606436,622.4961479,"2440995"
"488","Pedetes capensis",615,1,1,"Mammal","Rodentia",2300,4.425,"Herbivore","Eutherian",0.001923913,519.7740113,"5219942"
"489","Perameles gunnii",6171,1,9,"Mammal","Peramelemorphia",695,1.902,"Omnivore","Marsupial",0.002736691,365.404837,"5219455"
"490","Perameles nasuta",618,1,9,"Mammal","Peramelemorphia",645,1.763,"Omnivore","Marsupial",0.002733333,365.8536585,"5219457"
"491","Perodicticus potto",621,1,1,"Mammal","Primate",968.6,1.942,"Herbivore","Eutherian",0.002004956,498.7641607,"2436624"
"492","Perognathus flavus",622,1,1,"Mammal","Rodentia",8.3,0.097,"Herbivore","Eutherian",0.011686747,85.56701031,"2439566"
"493","Perognathus longimembris",62310,1,1,"Mammal","Rodentia",8.9,0.052777778,"Herbivore","Eutherian",0.005930087,168.6315782,"2439563"
"494","Perognathus parvus",893,1,1,"Mammal","Rodentia",19.2,0.16,"Herbivore","Eutherian",0.008333333,120,"2439554"
"495","Peromyscus boylii",894,1,9,"Mammal","Rodentia",23.2,0.302777778,"Omnivore","Eutherian",0.013050766,76.62385315,"2438038"
"496","Peromyscus californicus",62410,1,9,"Mammal","Rodentia",47,0.267,"Omnivore","Eutherian",0.005680851,176.0299625,"2438028"
"497","Peromyscus crinitus",6251,1,9,"Mammal","Rodentia",20.5,0.162,"Omnivore","Eutherian",0.007902439,126.5432099,"2438021"
"498","Peromyscus eremicus",6261,1,9,"Mammal","Rodentia",21,0.173,"Omnivore","Eutherian",0.008238095,121.3872832,"2437981"
"499","Peromyscus gossypinus",901,1,9,"Mammal","Rodentia",21.5,0.205555556,"Omnivore","Eutherian",0.009560724,104.5945944,"2437988"
"500","Peromyscus leucopus",62710,1,9,"Mammal","Rodentia",21.2,0.197222222,"Omnivore","Eutherian",0.009302935,107.4929579,"2438019"
"501","Peromyscus maniculatus",6283,1,9,"Mammal","Rodentia",19.1,0.216666667,"Omnivore","Eutherian",0.011343805,88.15384602,"2437967"
"502","Peromyscus megalops",906,1,9,"Mammal","Rodentia",66.2,0.505555556,"Omnivore","Eutherian",0.007636791,130.9450548,"2437962"
"503","Peromyscus oreas",907,1,9,"Mammal","Rodentia",24.6,0.241666667,"Omnivore","Eutherian",0.009823848,101.7931033,"2438018"
"504","Peromyscus polionotus",6291,1,9,"Mammal","Rodentia",12,0.119444444,"Omnivore","Eutherian",0.009953704,100.4651167,"2437996"
"505","Peromyscus sitkensis",910,1,9,"Mammal","Rodentia",28.3,0.261111111,"Omnivore","Eutherian",0.009226541,108.3829788,"2438035"
"506","Peromyscus truei",6301,1,9,"Mammal","Rodentia",33.1,0.307,"Omnivore","Eutherian",0.009274924,107.8175896,"2437985"
"507","Peropteryx macrotis",255,1,2,"Mammal","Chiroptera",5.1,0.066666667,"Carnivore","Eutherian",0.013071895,76.49999962,"2433140"
"508","Petauroides volans",631,1,1,"Mammal","Diprotodontia",1141,3.180555556,"Herbivore","Marsupial",0.002787516,358.742358,"2440068"
"509","Petaurus breviceps",632,1,1,"Mammal","Diprotodontia",128.1,0.494444444,"Herbivore","Marsupial",0.003859832,259.0786519,"2440043"
"510","Petrodromus tetradactylus",633,1,2,"Mammal","Macroscelidea",208,0.852,"Carnivore","Eutherian",0.004096154,244.1314554,"2440858"
"511","Phalanger carmelitae",395,1,1,"Mammal","Diprotodontia",1389.7,2.983333333,"Herbivore","Marsupial",0.002146746,465.8212291,"2440278"
"512","Phalanger gymnotis",396,1,1,"Mammal","Diprotodontia",1565.5,2.891666667,"Herbivore","Marsupial",0.00184712,541.3832852,"2440266"
"513","Phalanger intercastellanus",397,1,1,"Mammal","Diprotodontia",1671.4,3.672222222,"Herbivore","Marsupial",0.002197094,455.1467474,"2440276"
"514","Phalanger sericeus",398,1,1,"Mammal","Diprotodontia",1353.2,2.391666667,"Herbivore","Marsupial",0.001767416,565.7979093,"2440262"
"515","Phascogale tapoatafa",637,1,2,"Mammal","Dasyuromorphia",153.7,0.694,"Carnivore","Marsupial",0.00451529,221.4697406,"2435448"
"516","Phascolarctos cinereus",63810,1,1,"Mammal","Diprotodontia",4732.4,5.744,"Herbivore","Marsupial",0.00121376,823.8857939,"2440012"
"517","Phenacomys intermedius",63910,1,1,"Mammal","Rodentia",21.5,0.375,"Herbivore","Eutherian",0.01744186,57.33333333,"2438114"
"518","Phenacomys intermedius",640,1,1,"Mammal","Rodentia",21.5,0.375,"Herbivore","Eutherian",0.01744186,57.33333333,"2438114"
"519","Philander opossum",6421,1,9,"Mammal","Didelphimorphia",751,1.886,"Omnivore","Marsupial",0.002511318,398.1972428,"5219950"
"520","Philantomba monticola",64310,1,1,"Mammal","Artiodactyla",4200,10.075,"Herbivore","Eutherian",0.00239881,416.8734491,"7261461"
"521","Phoca vitulina",6441,1,2,"Mammal","Carnivora",27400,73.29,"Carnivore","Eutherian",0.002674818,373.8572793,"2434793"
"522","Phocoena phocoena",64510,1,2,"Mammal","Cetacea",28500,107.675,"Carnivore","Eutherian",0.00377807,264.6853959,"2440669"
"523","Phodopus campbelli",915,1,9,"Mammal","Rodentia",24,0.219444444,"Omnivore","Eutherian",0.009143519,109.3670888,"2437847"
"524","Phodopus sungorus",6462,1,9,"Mammal","Rodentia",31.3,0.313,"Omnivore","Eutherian",0.01,100,"2437845"
"525","Phyllostomus discolor",653,1,2,"Mammal","Chiroptera",33.5,0.191666667,"Carnivore","Eutherian",0.005721393,174.7826084,"2433280"
"526","Phyllostomus elongatus",258,1,2,"Mammal","Chiroptera",35.6,0.216666667,"Carnivore","Eutherian",0.006086142,164.3076921,"2433281"
"527","Phyllostomus hastatus",654,1,2,"Mammal","Chiroptera",84.2,0.394444444,"Carnivore","Eutherian",0.004684613,213.464789,"2433279"
"528","Phyllotis darwini",655,1,9,"Mammal","Rodentia",47,0.333,"Omnivore","Eutherian",0.007085106,141.1411411,"5219758"
"529","Phyllotis magister",920,1,9,"Mammal","Rodentia",50.7,0.341666667,"Omnivore","Eutherian",0.006738988,148.3902438,"5219760"
"530","Phyllotis xanthopygus",921,1,9,"Mammal","Rodentia",36.4,0.311111111,"Omnivore","Eutherian",0.008547009,117,"5219765"
"531","Planigale gilesi",662,1,2,"Mammal","Dasyuromorphia",9.1,0.058,"Carnivore","Marsupial",0.006373626,156.8965517,"2435457"
"532","Planigale ingrami",66310,1,2,"Mammal","Dasyuromorphia",7.1,0.063888889,"Carnivore","Marsupial",0.008998435,111.1304346,"2435461"
"533","Planigale maculata",664,1,2,"Mammal","Dasyuromorphia",10.6,0.067,"Carnivore","Marsupial",0.006320755,158.2089552,"2435458"
"534","Planigale tenuirostris",665,1,2,"Mammal","Dasyuromorphia",7.1,0.063,"Carnivore","Marsupial",0.008873239,112.6984127,"2435465"
"535","Platyrrhinus lineatus",67110,1,2,"Mammal","Chiroptera",21.9,0.180555556,"Carnivore","Eutherian",0.008244546,121.2923074,"5218765"
"536","Plecotus auritus",263,1,2,"Mammal","Chiroptera",10.2,0.082,"Carnivore","Eutherian",0.008039216,124.3902439,"5218507"
"537","Podomys floridanus",680,1,9,"Mammal","Rodentia",30.8,0.288,"Omnivore","Eutherian",0.009350649,106.9444444,"2438245"
"538","Poliocitellus franklinii",924,1,1,"Mammal","Rodentia",607,2.19,"Herbivore","Eutherian",0.003607908,277.1689498,"7946545"
"539","Potorous tridactylus",687,1,1,"Mammal","Diprotodontia",1045.5,2.556,"Herbivore","Marsupial",0.002444763,409.0375587,"2440019"
"540","Potos flavus",688,1,9,"Mammal","Carnivora",2400,4.230555556,"Omnivore","Eutherian",0.001762731,567.3013788,"2433573"
"541","Priodontes maximus",689,1,9,"Mammal","Xenarthra",45190,16.88888889,"Omnivore","Marsupial",0.000373731,2675.723684,"5220096"
"542","Procavia capensis",691,1,1,"Mammal","Hyracoidea",2400,3.613888889,"Herbivore","Eutherian",0.001505787,664.104535,"5219598"
"543","Procyon cancrivorus",693,1,9,"Mammal","Carnivora",1160,2.588,"Omnivore","Eutherian",0.002231034,448.2225657,"9518324"
"544","Procyon lotor",694,1,9,"Mammal","Carnivora",4842.2,10.428,"Omnivore","Eutherian",0.002153567,464.3459916,"5218786"
"545","Proechimys semispinosus",696,1,9,"Mammal","Rodentia",498,1.75,"Omnivore","Eutherian",0.003514056,284.5714286,"2439789"
"546","Proechimys semispinosus",6951,1,9,"Mammal","Rodentia",498,1.75,"Omnivore","Eutherian",0.003514056,284.5714286,"2439789"
"547","Propithecus verreauxi",697,1,9,"Mammal","Primate",3350,3.738,"Omnivore","Eutherian",0.001115821,896.2011771,"5219530"
"548","Proteles cristata",7011,1,2,"Mammal","Carnivora",7902.6,11.563,"Carnivore","Eutherian",0.001463189,683.438554,"2433502"
"549","Pseudantechinus macdonnellensis",706,1,2,"Mammal","Dasyuromorphia",43.1,0.152,"Carnivore","Marsupial",0.003526682,283.5526316,"2435382"
"550","Pseudocheirus peregrinus",7081,1,1,"Mammal","Diprotodontia",860.1,1.583333333,"Herbivore","Marsupial",0.001840871,543.2210527,"2440062"
"551","Pseudomys gracilicaudatus",927,1,1,"Mammal","Rodentia",79.8,0.466666667,"Herbivore","Eutherian",0.005847953,170.9999999,"5219804"
"552","Pseudomys hermannsburgensis",928,1,1,"Mammal","Rodentia",12.2,0.130555556,"Herbivore","Eutherian",0.010701275,93.44680819,"5219796"
"553","Pteronotus davyi",264,1,2,"Mammal","Chiroptera",9.4,0.086111111,"Carnivore","Eutherian",0.009160756,109.1612905,"5218622"
"554","Pteronotus parnellii",265,1,2,"Mammal","Chiroptera",19.2,0.172222222,"Carnivore","Eutherian",0.008969907,111.4838711,"5218620"
"555","Pteronotus personatus",266,1,2,"Mammal","Chiroptera",14,0.127777778,"Carnivore","Eutherian",0.009126984,109.5652172,"5218619"
"556","Pteronotus quadridens",267,1,2,"Mammal","Chiroptera",4.9,0.033333333,"Carnivore","Eutherian",0.006802721,147.0000015,"5218623"
"557","Pteropus giganteus",716,1,1,"Mammal","Chiroptera",562.2,1.622,"Herbivore","Eutherian",0.002885094,346.6091245,"5218642"
"558","Pteropus hypomelanus",717,1,1,"Mammal","Chiroptera",520.8,1.618,"Herbivore","Eutherian",0.003106759,321.8788628,"5218662"
"559","Pteropus poliocephalus",718,1,1,"Mammal","Chiroptera",598,1.766666667,"Herbivore","Eutherian",0.002954292,338.490566,"5218655"
"560","Pteropus pumilus",719,1,1,"Mammal","Chiroptera",194.2,0.705,"Herbivore","Eutherian",0.003630278,275.4609929,"5218696"
"561","Pteropus rodricensis",720,1,1,"Mammal","Chiroptera",254.5,0.752777778,"Herbivore","Eutherian",0.002957869,338.0811807,"5218645"
"562","Pteropus scapulatus",721,1,1,"Mammal","Chiroptera",362,1.352777778,"Herbivore","Eutherian",0.003736955,267.5975359,"5218649"
"563","Pteropus vampyrus",7221,1,1,"Mammal","Chiroptera",1024.3,4.486,"Herbivore","Eutherian",0.004379576,228.3325903,"5218644"
"564","Ptilocercus lowii",726,1,9,"Mammal","Scandentia",57.5,0.24,"Omnivore","Eutherian",0.004173913,239.5833333,"2436257"
"565","Puma concolor",7273,1,2,"Mammal","Carnivora",37200,49.326,"Carnivore","Eutherian",0.001325968,754.1661598,"2435099"
"566","Puma yagouaroundi",7284,1,2,"Mammal","Carnivora",8400,9.69,"Carnivore","Eutherian",0.001153571,866.873065,"2435146"
"567","Pusa hispida",156,1,2,"Mammal","Carnivora",44600,79.10833333,"Carnivore","Eutherian",0.001773729,563.7838407,"5219369"
"568","Rangifer tarandus",7323,1,1,"Mammal","Artiodactyla",85000,119.66,"Herbivore","Eutherian",0.001407765,710.3459803,"5220114"
"569","Raphicerus campestris",733,1,1,"Mammal","Artiodactyla",8500,18.25277778,"Herbivore","Eutherian",0.002147386,465.6825445,"2441141"
"570","Rattus colletti",929,1,9,"Mammal","Rodentia",165.7,0.683333333,"Omnivore","Eutherian",0.004123919,242.487805,"2439239"
"571","Rattus fuscipes",734,1,9,"Mammal","Rodentia",76,0.469444444,"Omnivore","Eutherian",0.006176901,161.8934913,"2439233"
"572","Rattus lutreolus",735,1,9,"Mammal","Rodentia",109,0.352777778,"Omnivore","Eutherian",0.003236493,308.9763778,"2439240"
"573","Rattus norvegicus",934,1,9,"Mammal","Rodentia",206.9,1.404,"Omnivore","Eutherian",0.006785887,147.3646724,"2439261"
"574","Rattus rattus",736,1,9,"Mammal","Rodentia",117,0.77,"Omnivore","Eutherian",0.006581197,151.9480519,"2439270"
"575","Rattus sordidus",937,1,9,"Mammal","Rodentia",187,0.594444444,"Omnivore","Eutherian",0.003178847,314.5794395,"2439232"
"576","Rattus villosissimus",938,1,9,"Mammal","Rodentia",247.8,0.811111111,"Omnivore","Eutherian",0.003273249,305.5068494,"2439256"
"577","Reithrodon auritus",738,1,1,"Mammal","Rodentia",78.7,0.428,"Herbivore","Eutherian",0.005438374,183.8785047,"2438374"
"578","Reithrodontomys megalotis",7396,1,9,"Mammal","Rodentia",7.6,0.111111111,"Omnivore","Eutherian",0.014619883,68.40000007,"2437874"
"579","Rhabdomys pumilio",740,1,1,"Mammal","Rodentia",39.6,0.177777778,"Herbivore","Eutherian",0.004489338,222.7499997,"2438736"
"580","Rhinolophus ferrumequinum",NA,NA,NA,"Mammal","Chiroptera",18,0.2583,"","",0.01435,69.68641115,"2432655"
"581","Rhinonicteris aurantia",282,1,2,"Mammal","Chiroptera",8.3,0.091666667,"Carnivore","Eutherian",0.011044177,90.54545422,"2432738"
"582","Rhinophylla fischerae",283,1,2,"Mammal","Chiroptera",9.5,0.091666667,"Carnivore","Eutherian",0.009649123,103.6363633,"5218757"
"583","Rousettus aegyptiacus",7451,1,1,"Mammal","Chiroptera",146,0.683333333,"Herbivore","Eutherian",0.004680365,213.6585367,"2432953"
"584","Rousettus amplexicaudatus",286,1,2,"Mammal","Chiroptera",91.5,0.583333333,"Carnivore","Eutherian",0.006375228,156.8571429,"2432948"
"585","Rupicapra rupicapra",NA,NA,NA,"Mammal","Artiodactyla",40000,36.3426,"","",0.000908565,1100.636718,"5220170"
"586","Saccopteryx bilineata",7461,1,2,"Mammal","Chiroptera",7.8,0.080555556,"Carnivore","Eutherian",0.010327635,96.82758567,"5218731"
"587","Saccopteryx leptura",289,1,2,"Mammal","Chiroptera",4.2,0.052777778,"Carnivore","Eutherian",0.012566138,79.57894703,"5218730"
"588","Saccostomus campestris",7473,1,9,"Mammal","Rodentia",68.1,0.274,"Omnivore","Eutherian",0.004023495,248.540146,"2438948"
"589","Saguinus geoffroyi",588,1,9,"Mammal","Primate",225,1.305,"Omnivore","Eutherian",0.0058,172.4137931,"2436466"
"590","Saimiri sciureus",7482,1,9,"Mammal","Primate",850,3.319444444,"Omnivore","Eutherian",0.003905229,256.0669456,"2436661"
"591","Sarcophilus harrisii",7551,1,2,"Mammal","Dasyuromorphia",5050,7.886111111,"Carnivore","Marsupial",0.001561606,640.3663262,"2435451"
"592","Scalopus aquaticus",7572,1,2,"Mammal","Eulipotyphla",48,0.377777778,"Carnivore","Eutherian",0.00787037,127.0588235,"2436230"
"593","Scapanus latimanus",454,1,2,"Mammal","Eulipotyphla",61,0.347222222,"Carnivore","Eutherian",0.005692168,175.6800001,"2436194"
"594","Scapanus orarius",455,1,2,"Mammal","Eulipotyphla",61.2,0.291666667,"Carnivore","Eutherian",0.004765795,209.8285712,"2436188"
"595","Scapanus townsendii",456,1,2,"Mammal","Eulipotyphla",130.1,0.608333333,"Carnivore","Eutherian",0.00467589,213.8630138,"2436191"
"596","Sciurus aberti",760,1,1,"Mammal","Rodentia",624,2.402,"Herbivore","Eutherian",0.003849359,259.7835137,"5219667"
"597","Sciurus carolinensis",949,1,1,"Mammal","Rodentia",440,2.062,"Herbivore","Eutherian",0.004686364,213.385063,"5219681"
"598","Sciurus vulgaris",NA,NA,NA,"Mammal","Rodentia",352.8,0.9016,"","",0.002555556,391.3043478,"8211070"
"599","Scotinomys teguina",763,1,9,"Mammal","Rodentia",12,0.174,"Omnivore","Eutherian",0.0145,68.96551724,"2439158"
"600","Scotinomys xerampelinus",952,1,9,"Mammal","Rodentia",15.2,0.177777778,"Omnivore","Eutherian",0.011695906,85.49999989,"2439157"
"601","Sekeetamys calurus",7655,1,9,"Mammal","Rodentia",59.5,0.255555556,"Omnivore","Eutherian",0.004295051,232.8260866,"2438045"
"602","Setifer setosus",7791,1,9,"Mammal","Afrosoricida",427.6,0.573,"Omnivore","Eutherian",0.001340037,746.2478185,"5218437"
"603","Setonix brachyurus",7801,1,1,"Mammal","Diprotodontia",2510,4.480555556,"Herbivore","Marsupial",0.001785082,560.198388,"2440110"
"604","Sicista betulina",955,1,1,"Mammal","Rodentia",10,0.179,"Herbivore","Eutherian",0.0179,55.86592179,"2439449"
"605","Sigmodon alleni",956,1,9,"Mammal","Rodentia",155.6,1.155555556,"Omnivore","Eutherian",0.00742645,134.6538461,"2438158"
"606","Sigmodon fulviventer",957,1,9,"Mammal","Rodentia",166.4,1.363888889,"Omnivore","Eutherian",0.008196448,122.0040733,"2438153"
"607","Sigmodon hispidus",7831,1,9,"Mammal","Rodentia",152.4,0.705555556,"Omnivore","Eutherian",0.00462963,215.9999999,"2438147"
"608","Sigmodon leucotis",960,1,9,"Mammal","Rodentia",128.6,1.038888889,"Omnivore","Eutherian",0.008078452,123.7860962,"2438157"
"609","Sigmodon ochrognathus",961,1,9,"Mammal","Rodentia",115.1,0.861111111,"Omnivore","Eutherian",0.007481417,133.6645161,"2438156"
"610","Sminthopsis crassicaudata",785,1,2,"Mammal","Dasyuromorphia",16,0.121,"Carnivore","Marsupial",0.0075625,132.231405,"2435393"
"611","Sminthopsis macroura",786,1,2,"Mammal","Dasyuromorphia",20.6,0.128,"Carnivore","Marsupial",0.006213592,160.9375,"2435402"
"612","Sminthopsis murina",340,1,2,"Mammal","Dasyuromorphia",19,0.119444444,"Carnivore","Marsupial",0.00628655,159.069768,"2435410"
"613","Sorex alpinus",7881,1,2,"Mammal","Eulipotyphla",7.8,0.267,"Carnivore","Eutherian",0.034230769,29.21348315,"2435986"
"614","Sorex araneus",7891,1,2,"Mammal","Eulipotyphla",7.7,0.261111111,"Carnivore","Eutherian",0.033910534,29.48936171,"8316400"
"615","Sorex caecutiens",NA,NA,NA,"Mammal","Soricomorpha",3.6,0.17,"","",0.047222222,21.17647059,"2435994"
"616","Sorex cinereus",7901,1,2,"Mammal","Eulipotyphla",4.2,0.147222222,"Carnivore","Eutherian",0.03505291,28.52830193,"2435964"
"617","Sorex coronatus",7911,1,2,"Mammal","Eulipotyphla",9.1,0.288888889,"Carnivore","Eutherian",0.031746032,31.49999999,"2436090"
"618","Sorex isodon",NA,NA,NA,"Mammal","Soricomorpha",11.1,0.5106,"","",0.046,21.73913043,"2436016"
"619","Sorex minutissimus",NA,NA,NA,"Mammal","Soricomorpha",2.5,0.215,"","",0.086,11.62790698,"2435959"
"620","Sorex minutus",792,1,2,"Mammal","Eulipotyphla",3.3,0.158333333,"Carnivore","Eutherian",0.047979798,20.84210531,"7571319"
"621","Sorex monticolus",NA,NA,NA,"Mammal","Soricomorpha",14.4,0.38752,"","",0.026911111,37.15937242,"2436019"
"622","Sorex ornatus",467,1,2,"Mammal","Eulipotyphla",9.7,0.292,"Carnivore","Eutherian",0.030103093,33.21917808,"2436078"
"623","Sorex palustris",468,1,2,"Mammal","Eulipotyphla",14.4,0.388888889,"Carnivore","Eutherian",0.027006173,37.02857142,"2436006"
"624","Sorex vagrans",793,1,2,"Mammal","Eulipotyphla",5.2,0.111111111,"Carnivore","Eutherian",0.021367521,46.80000005,"2436042"
"625","Spalacopus cyanus",794,1,1,"Mammal","Rodentia",126.2,0.561,"Herbivore","Eutherian",0.004445325,224.9554367,"2439602"
"626","Spalax ehrenbergi",795,1,1,"Mammal","Rodentia",133.8,0.585,"Herbivore","Eutherian",0.004372197,228.7179487,"4264694"
"627","Spalax leucodon",966,1,1,"Mammal","Rodentia",201,0.830555556,"Herbivore","Eutherian",0.004132117,242.0066888,"4264696"
"628","Spermophilus armatus",967,1,9,"Mammal","Rodentia",319.9,0.813888889,"Omnivore","Eutherian",0.002544198,393.0511945,"2437316"
"629","Spermophilus beecheyi",968,1,9,"Mammal","Rodentia",599.6,1.772222222,"Omnivore","Eutherian",0.002955674,338.3322884,"2437293"
"630","Spermophilus beldingi",969,1,9,"Mammal","Rodentia",302.7,0.705555556,"Omnivore","Eutherian",0.002330874,429.0236218,"2437317"
"631","Spermophilus citellus",970,1,9,"Mammal","Rodentia",240,1.272,"Omnivore","Eutherian",0.0053,188.6792453,"2437304"
"632","Spermophilus lateralis",971,1,9,"Mammal","Rodentia",270.1666667,0.726666667,"Omnivore","Eutherian",0.002689698,371.7889907,"2437297"
"633","Spermophilus mohavensis",796,1,9,"Mammal","Rodentia",239.5,0.622222222,"Omnivore","Eutherian",0.002598005,384.9107144,"2437309"
"634","Spermophilus richardsonii",974,1,9,"Mammal","Rodentia",274.5,0.736111111,"Omnivore","Eutherian",0.002681643,372.9056604,"2437299"
"635","Spermophilus saturatus",975,1,9,"Mammal","Rodentia",252.2,0.9,"Omnivore","Eutherian",0.003568596,280.2222222,"9456"
"636","Spermophilus spilosoma",976,1,9,"Mammal","Rodentia",174.5,0.513888889,"Omnivore","Eutherian",0.002944922,339.5675675,"2437300"
"637","Spermophilus tereticaudus",797,1,9,"Mammal","Rodentia",125.1,0.501,"Omnivore","Eutherian",0.004004796,249.7005988,"2437325"
"638","Spermophilus townsendii",979,1,9,"Mammal","Rodentia",229.4,0.583333333,"Omnivore","Eutherian",0.002542865,393.2571431,"2437313"
"639","Spermophilus undulatus",981,1,9,"Mammal","Rodentia",680,3.280555556,"Omnivore","Eutherian",0.004824346,207.2819644,"2437312"
"640","Spilocuscus maculatus",7981,1,1,"Mammal","Diprotodontia",4250,5.680361111,"Herbivore","Marsupial",0.001336556,748.1918697,"9818309"
"641","Spilogale putorius",799,1,2,"Mammal","Carnivora",624,1.636111111,"Carnivore","Eutherian",0.002621973,381.3921902,"2434831"
"642","Steatomys pratensis",804,1,1,"Mammal","Rodentia",37.5,0.105,"Herbivore","Eutherian",0.0028,357.1428571,"2438739"
"643","Stochomys longicaudatus",984,1,9,"Mammal","Rodentia",105,0.419444444,"Omnivore","Eutherian",0.003994709,250.3311261,"2438508"
"644","Sturnira erythromos",290,1,2,"Mammal","Chiroptera",15.9,0.222222222,"Carnivore","Eutherian",0.01397624,71.55000007,"2433324"
"645","Sturnira lilium",812,1,2,"Mammal","Chiroptera",21.9,0.219444444,"Carnivore","Eutherian",0.010020294,99.79746856,"2433327"
"646","Sturnira tildae",293,1,2,"Mammal","Chiroptera",20.5,0.222222222,"Carnivore","Eutherian",0.010840108,92.25000009,"2433334"
"647","Suncus etruscus",8151,1,2,"Mammal","Eulipotyphla",2.2,0.038888889,"Carnivore","Eutherian",0.017676768,56.57142841,"2435506"
"648","Suncus murinus",8161,1,2,"Mammal","Eulipotyphla",39.7,0.403,"Carnivore","Eutherian",0.010151134,98.51116625,"2435520"
"649","Suricata suricatta",818,1,2,"Mammal","Carnivora",850,1.729,"Carnivore","Eutherian",0.002034118,491.6136495,"2434126"
"650","Sus scrofa",57,1,1,"Mammal","Artiodactyla",135000,104.15,"Herbivore","Eutherian",0.000771481,1296.207393,"7705930"
"651","Syconycteris australis",294,1,2,"Mammal","Chiroptera",16.5,0.097222222,"Carnivore","Eutherian",0.005892256,169.7142861,"2432982"
"652","Sylvilagus audubonii",821,1,1,"Mammal","Lagomorpha",672.4,2.441666667,"Herbivore","Eutherian",0.003631271,275.3856655,"2436910"
"653","Tachyglossus aculeatus",826,1,2,"Mammal","Monotremata",2140,1.563888889,"Carnivore","Monotreme",0.000730789,1368.383659,"2433378"
"654","Tachyoryctes splendens",827,1,1,"Mammal","Rodentia",191,0.841666667,"Herbivore","Eutherian",0.004406632,226.930693,"2438337"
"655","Tadarida brasiliensis",295,1,2,"Mammal","Chiroptera",13.3,0.117,"Carnivore","Eutherian",0.008796992,113.6752137,"2433011"
"656","Tamandua mexicana",8301,1,9,"Mammal","Xenarthra",3500,5.075,"Omnivore","Eutherian",0.00145,689.6551724,"2436335"
"657","Tamandua tetradactyla",8311,1,9,"Mammal","Xenarthra",3500,4.880555556,"Omnivore","Eutherian",0.001394444,717.131474,"2436340"
"658","Tamias alpinus",987,1,9,"Mammal","Rodentia",39.1,0.322222222,"Omnivore","Eutherian",0.008240978,121.3448277,"2437442"
"659","Tamias amoenus",832,1,9,"Mammal","Rodentia",55.7,0.5,"Omnivore","Eutherian",0.008976661,111.4,"2437430"
"660","Tamias merriami",990,1,9,"Mammal","Rodentia",75,0.438888889,"Omnivore","Eutherian",0.005851852,170.8860759,"2437444"
"661","Tamias minimus",833,1,9,"Mammal","Rodentia",49.3,0.349,"Omnivore","Eutherian",0.007079108,141.260745,"2437432"
"662","Tamias palmeri",993,1,9,"Mammal","Rodentia",69.4,0.630555556,"Omnivore","Eutherian",0.009085815,110.0616739,"2437436"
"663","Tamias speciosus",994,1,9,"Mammal","Rodentia",70.7,0.583333333,"Omnivore","Eutherian",0.008250825,121.2000001,"2437439"
"664","Tamias striatus",8341,1,9,"Mammal","Rodentia",87.4,0.502777778,"Omnivore","Eutherian",0.005752606,173.8342541,"2437438"
"665","Tamiasciurus hudsonicus",8351,1,9,"Mammal","Rodentia",224,1.361111111,"Omnivore","Eutherian",0.006076389,164.5714286,"2437282"
"666","Tarsipes rostratus",8371,1,1,"Mammal","Diprotodontia",10,0.161111111,"Herbivore","Marsupial",0.016111111,62.06896556,"2440056"
"667","Tarsius syrichta",591,1,2,"Mammal","Primate",114,0.430555556,"Carnivore","Eutherian",0.003776803,264.7741933,"2436484"
"668","Tarsius tarsier",592,1,2,"Mammal","Primate",173,0.831,"Carnivore","Eutherian",0.004803468,208.1829122,"4266949"
"669","Tatera indica",8381,1,9,"Mammal","Rodentia",86.9,0.422,"Omnivore","Eutherian",0.004856157,205.9241706,"2438134"
"670","Taurotragus oryx",8391,1,1,"Mammal","Artiodactyla",141404,190.209,"Herbivore","Eutherian",0.001345146,743.4138237,"5220167"
"671","Taxidea taxus",840,1,2,"Mammal","Carnivora",9000,15.06111111,"Carnivore","Eutherian",0.001673457,597.565474,"2434102"
"672","Tenrec ecaudatus",843,1,2,"Mammal","Afrosoricida",650,0.729,"Carnivore","Eutherian",0.001121538,891.6323731,"5218435"
"673","Thallomys paedulcus",852,1,1,"Mammal","Rodentia",124.7,0.383333333,"Herbivore","Eutherian",0.003074044,325.3043481,"2437942"
"674","Thomomys bottae",853,1,1,"Mammal","Rodentia",143,0.669444444,"Herbivore","Eutherian",0.00468143,213.6099586,"2439385"
"675","Thomomys talpoides",854,1,1,"Mammal","Rodentia",106,0.608333333,"Herbivore","Eutherian",0.005738994,174.2465754,"2439383"
"676","Thomomys umbrinus",1007,1,1,"Mammal","Rodentia",85,0.402777778,"Herbivore","Eutherian",0.004738562,211.0344826,"2439382"
"677","Thrichomys apereoides",8551,1,1,"Mammal","Rodentia",323,1.152777778,"Herbivore","Eutherian",0.003568971,280.192771,"2439813"
"678","Thylamys elegans",362,1,9,"Mammal","Didelphimorphia",40,0.238888889,"Omnivore","Marsupial",0.005972222,167.4418604,"2439908"
"679","Tolypeutes matacus",8601,1,9,"Mammal","Xenarthra",1160,1.172,"Omnivore","Marsupial",0.001010345,989.7610922,"2440792"
"680","Tonatia bidens",296,1,2,"Mammal","Chiroptera",27.4,0.219444444,"Carnivore","Eutherian",0.008008921,124.8607597,"2433203"
"681","Tragulus javanicus",864,1,1,"Mammal","Artiodactyla",1615.5,4.883,"Herbivore","Eutherian",0.003022594,330.8416957,"5220187"
"682","Trichechus inunguis",866,1,1,"Mammal","Sirenia",167594,55.015,"Herbivore","Eutherian",0.000328264,3046.332818,"2435292"
"683","Trichechus manatus",1027,1,1,"Mammal","Sirenia",450000,70.0056,"Herbivore","Eutherian",0.000155568,6428.057184,"2435296"
"684","Trichosurus vulpecula",8711,1,1,"Mammal","Diprotodontia",1982,3.538888889,"Herbivore","Marsupial",0.001785514,560.0627943,"2440254"
"685","Tupaia belangeri",1021,1,9,"Mammal","Scandentia",186,0.705555556,"Omnivore","Eutherian",0.003793309,263.6220471,"2436268"
"686","Tupaia glis",877,1,2,"Mammal","Scandentia",123,0.522,"Carnivore","Eutherian",0.004243902,235.6321839,"2436271"
"687","Tursiops truncatus",181,1,2,"Mammal","Cetacea",148600,323.2555556,"Carnivore","Eutherian",0.00217534,459.6982091,"2440447"
"688","Tympanoctomys barrerae",1010,1,1,"Mammal","Rodentia",71.4,0.430555556,"Herbivore","Eutherian",0.00603019,165.8322579,"2439645"
"689","Urocitellus beldingi",1011,1,9,"Mammal","Rodentia",293.7,0.796,"Omnivore","Eutherian",0.002710249,368.9698492,"8428945"
"690","Urocitellus richardsonii",1012,1,9,"Mammal","Rodentia",266.3,0.788,"Omnivore","Eutherian",0.002959069,337.9441624,"7905336"
"691","Uroderma bilobatum",297,1,2,"Mammal","Chiroptera",16.2,0.147222222,"Carnivore","Eutherian",0.009087791,110.037736,"2433156"
"692","Urogale everetti",1024,1,9,"Mammal","Scandentia",260.6,1.25,"Omnivore","Eutherian",0.004796623,208.48,"2436324"
"693","Uromys caudimaculatus",1013,1,9,"Mammal","Rodentia",819,3.169444444,"Omnivore","Eutherian",0.003869896,258.404908,"2438194"
"694","Ursus americanus",163,1,2,"Mammal","Carnivora",129500,85.23333333,"Carnivore","Eutherian",0.000658172,1519.358623,"2433407"
"695","Ursus arctos",164,1,2,"Mammal","Carnivora",170000,109.9972222,"Carnivore","Eutherian",0.000647042,1545.493573,"2433433"
"696","Ursus maritimus",165,1,2,"Mammal","Carnivora",181333,124.4055556,"Carnivore","Eutherian",0.000686061,1457.595677,"2433451"
"697","Vampyressa pusilla",298,1,2,"Mammal","Chiroptera",8.8,0.102777778,"Carnivore","Eutherian",0.011679293,85.62162144,"2433186"
"698","Vulpes cana",166,1,2,"Mammal","Carnivora",1285,3.525,"Carnivore","Eutherian",0.002743191,364.5390071,"5219235"
"699","Vulpes lagopus",890,1,2,"Mammal","Carnivora",3600,7.665,"Carnivore","Eutherian",0.002129167,469.667319,"5219303"
"700","Vulpes macrotis",891,1,2,"Mammal","Carnivora",1769,4.928,"Carnivore","Eutherian",0.002785755,358.9691558,"5219311"
"701","Vulpes rueppellii",171,1,2,"Mammal","Carnivora",1546,4.458333333,"Carnivore","Eutherian",0.002883786,346.7663552,"5219297"
"702","Vulpes velox",172,1,2,"Mammal","Carnivora",1769,4.948,"Carnivore","Eutherian",0.00279706,357.5181892,"5219290"
"703","Vulpes vulpes",892,1,2,"Mammal","Carnivora",3060,8.380555556,"Carnivore","Eutherian",0.002738744,365.1309247,"5219243"
"704","Vulpes zerda",8931,1,2,"Mammal","Carnivora",1106,2.222222222,"Carnivore","Eutherian",0.002009243,497.7,"5219310"
"705","Xerus inauris",898,1,9,"Mammal","Rodentia",515.3,1.730555556,"Omnivore","Eutherian",0.003358346,297.76565,"2437454"
"706","Xerus princeps",1016,1,9,"Mammal","Rodentia",627,1.975,"Omnivore","Eutherian",0.00314992,317.4683544,"2437457"
"707","Zaedyus pichiy",899,1,9,"Mammal","Xenarthra",1740,2.192,"Omnivore","Marsupial",0.00125977,793.7956204,"2440795"
"708","Zaglossus bartoni",518,1,2,"Mammal","Monotremata",10300,6.780555556,"Carnivore","Monotreme",0.000658306,1519.04957,"2433385"
"709","Zaglossus bruijni",519,1,2,"Mammal","Monotremata",11848.6,6.493,"Carnivore","Monotreme",0.000547997,1824.826736,"2433391"
"710","Zalophus californianus",177,1,2,"Mammal","Carnivora",73000,177.9361111,"Carnivore","Eutherian",0.002437481,410.2596126,"2433458"
"711","Zapus hudsonius",900,1,1,"Mammal","Rodentia",26.1,0.219,"Herbivore","Eutherian",0.008390805,119.1780822,"2439467"
